2026-05-09 15:29:29,602 | INFO | Bot started
2026-05-09 15:29:31,965 | INFO | HTTP Request: POST https://api.telegram.org/bot18738956905:AAEXFFwtZLXljamxHaPP4srUGn4YBcns3O4/getMe "HTTP/1.1 401 Unauthorized"
2026-05-09 15:29:31,966 | ERROR | Network Retry Loop (Bootstrap Initialize Application): Invalid token. Aborting retry loop.
Traceback (most recent call last):
  File "/Library/Frameworks/Python.framework/Versions/3.13/lib/python3.13/site-packages/telegram/_bot.py", line 857, in initialize
    await self.get_me()
  File "/Library/Frameworks/Python.framework/Versions/3.13/lib/python3.13/site-packages/telegram/ext/_extbot.py", line 2008, in get_me
    return await super().get_me(
           ^^^^^^^^^^^^^^^^^^^^^
    ...<5 lines>...
    )
    ^
  File "/Library/Frameworks/Python.framework/Versions/3.13/lib/python3.13/site-packages/telegram/_bot.py", line 990, in get_me
    result = await self._post(
             ^^^^^^^^^^^^^^^^^
    ...<6 lines>...
    )
    ^
  File "/Library/Frameworks/Python.framework/Versions/3.13/lib/python3.13/site-packages/telegram/_bot.py", line 704, in _post
    return await self._do_post(
           ^^^^^^^^^^^^^^^^^^^^
    ...<6 lines>...
    )
    ^
  File "/Library/Frameworks/Python.framework/Versions/3.13/lib/python3.13/site-packages/telegram/ext/_extbot.py", line 370, in _do_post
    return await super()._do_post(
           ^^^^^^^^^^^^^^^^^^^^^^^
    ...<6 lines>...
    )
    ^
  File "/Library/Frameworks/Python.framework/Versions/3.13/lib/python3.13/site-packages/telegram/_bot.py", line 733, in _do_post
    result = await request.post(
             ^^^^^^^^^^^^^^^^^^^
    ...<6 lines>...
    )
    ^
  File "/Library/Frameworks/Python.framework/Versions/3.13/lib/python3.13/site-packages/telegram/request/_baserequest.py", line 198, in post
    result = await self._request_wrapper(
             ^^^^^^^^^^^^^^^^^^^^^^^^^^^^
    ...<7 lines>...
    )
    ^
  File "/Library/Frameworks/Python.framework/Versions/3.13/lib/python3.13/site-packages/telegram/request/_baserequest.py", line 375, in _request_wrapper
    raise exception
telegram.error.InvalidToken: Unauthorized

The above exception was the direct cause of the following exception:

Traceback (most recent call last):
  File "/Library/Frameworks/Python.framework/Versions/3.13/lib/python3.13/site-packages/telegram/ext/_utils/networkloop.py", line 161, in network_retry_loop
    await do_action()
  File "/Library/Frameworks/Python.framework/Versions/3.13/lib/python3.13/site-packages/telegram/ext/_utils/networkloop.py", line 136, in do_action
    await action_cb()
  File "/Library/Frameworks/Python.framework/Versions/3.13/lib/python3.13/site-packages/telegram/ext/_application.py", line 489, in initialize
    await self.bot.initialize()
  File "/Library/Frameworks/Python.framework/Versions/3.13/lib/python3.13/site-packages/telegram/ext/_extbot.py", line 316, in initialize
    await super().initialize()
  File "/Library/Frameworks/Python.framework/Versions/3.13/lib/python3.13/site-packages/telegram/_bot.py", line 860, in initialize
    raise InvalidToken(f"The token `{self._token}` was rejected by the server.") from exc
telegram.error.InvalidToken: The token `18738956905:AAEXFFwtZLXljamxHaPP4srUGn4YBcns3O4` was rejected by the server.
2026-05-09 15:31:47,559 | INFO | Bot started
2026-05-09 15:31:51,178 | INFO | HTTP Request: POST https://api.telegram.org/bot8738956905:AAEXFFwtZLXljamxHaPP4srUGn4YBcns3O4/getMe "HTTP/1.1 200 OK"
2026-05-09 15:31:51,188 | INFO | Database initialized
2026-05-09 15:31:51,326 | INFO | HTTP Request: POST https://api.telegram.org/bot8738956905:AAEXFFwtZLXljamxHaPP4srUGn4YBcns3O4/deleteWebhook "HTTP/1.1 200 OK"
2026-05-09 15:31:51,329 | INFO | Application started
2026-05-09 15:32:01,778 | INFO | HTTP Request: POST https://api.telegram.org/bot8738956905:AAEXFFwtZLXljamxHaPP4srUGn4YBcns3O4/getUpdates "HTTP/1.1 200 OK"
2026-05-09 15:32:11,918 | INFO | HTTP Request: POST https://api.telegram.org/bot8738956905:AAEXFFwtZLXljamxHaPP4srUGn4YBcns3O4/getUpdates "HTTP/1.1 200 OK"
2026-05-09 15:32:22,052 | INFO | HTTP Request: POST https://api.telegram.org/bot8738956905:AAEXFFwtZLXljamxHaPP4srUGn4YBcns3O4/getUpdates "HTTP/1.1 200 OK"
2026-05-09 15:32:32,168 | INFO | HTTP Request: POST https://api.telegram.org/bot8738956905:AAEXFFwtZLXljamxHaPP4srUGn4YBcns3O4/getUpdates "HTTP/1.1 200 OK"
2026-05-09 15:32:42,328 | INFO | HTTP Request: POST https://api.telegram.org/bot8738956905:AAEXFFwtZLXljamxHaPP4srUGn4YBcns3O4/getUpdates "HTTP/1.1 200 OK"
2026-05-09 15:32:52,465 | INFO | HTTP Request: POST https://api.telegram.org/bot8738956905:AAEXFFwtZLXljamxHaPP4srUGn4YBcns3O4/getUpdates "HTTP/1.1 200 OK"
2026-05-09 15:33:02,595 | INFO | HTTP Request: POST https://api.telegram.org/bot8738956905:AAEXFFwtZLXljamxHaPP4srUGn4YBcns3O4/getUpdates "HTTP/1.1 200 OK"
2026-05-09 15:33:12,842 | INFO | HTTP Request: POST https://api.telegram.org/bot8738956905:AAEXFFwtZLXljamxHaPP4srUGn4YBcns3O4/getUpdates "HTTP/1.1 200 OK"
2026-05-09 15:33:22,966 | INFO | HTTP Request: POST https://api.telegram.org/bot8738956905:AAEXFFwtZLXljamxHaPP4srUGn4YBcns3O4/getUpdates "HTTP/1.1 200 OK"
2026-05-09 15:33:33,120 | INFO | HTTP Request: POST https://api.telegram.org/bot8738956905:AAEXFFwtZLXljamxHaPP4srUGn4YBcns3O4/getUpdates "HTTP/1.1 200 OK"
2026-05-09 15:33:43,292 | INFO | HTTP Request: POST https://api.telegram.org/bot8738956905:AAEXFFwtZLXljamxHaPP4srUGn4YBcns3O4/getUpdates "HTTP/1.1 200 OK"
2026-05-09 15:33:53,495 | INFO | HTTP Request: POST https://api.telegram.org/bot8738956905:AAEXFFwtZLXljamxHaPP4srUGn4YBcns3O4/getUpdates "HTTP/1.1 200 OK"
2026-05-09 15:34:03,838 | INFO | HTTP Request: POST https://api.telegram.org/bot8738956905:AAEXFFwtZLXljamxHaPP4srUGn4YBcns3O4/getUpdates "HTTP/1.1 200 OK"
2026-05-09 15:34:04,510 | INFO | HTTP Request: POST https://api.telegram.org/bot8738956905:AAEXFFwtZLXljamxHaPP4srUGn4YBcns3O4/getUpdates "HTTP/1.1 200 OK"
2026-05-09 15:34:04,920 | INFO | HTTP Request: POST https://api.telegram.org/bot8738956905:AAEXFFwtZLXljamxHaPP4srUGn4YBcns3O4/sendMessage "HTTP/1.1 200 OK"
2026-05-09 15:34:14,692 | INFO | HTTP Request: POST https://api.telegram.org/bot8738956905:AAEXFFwtZLXljamxHaPP4srUGn4YBcns3O4/getUpdates "HTTP/1.1 200 OK"
2026-05-09 15:34:24,829 | INFO | HTTP Request: POST https://api.telegram.org/bot8738956905:AAEXFFwtZLXljamxHaPP4srUGn4YBcns3O4/getUpdates "HTTP/1.1 200 OK"
2026-05-09 15:34:35,069 | INFO | HTTP Request: POST https://api.telegram.org/bot8738956905:AAEXFFwtZLXljamxHaPP4srUGn4YBcns3O4/getUpdates "HTTP/1.1 200 OK"
2026-05-09 15:34:37,734 | INFO | HTTP Request: POST https://api.telegram.org/bot8738956905:AAEXFFwtZLXljamxHaPP4srUGn4YBcns3O4/getUpdates "HTTP/1.1 200 OK"
2026-05-09 15:34:47,972 | INFO | HTTP Request: POST https://api.telegram.org/bot8738956905:AAEXFFwtZLXljamxHaPP4srUGn4YBcns3O4/getUpdates "HTTP/1.1 200 OK"
2026-05-09 15:34:58,212 | INFO | HTTP Request: POST https://api.telegram.org/bot8738956905:AAEXFFwtZLXljamxHaPP4srUGn4YBcns3O4/getUpdates "HTTP/1.1 200 OK"
2026-05-09 15:35:08,341 | INFO | HTTP Request: POST https://api.telegram.org/bot8738956905:AAEXFFwtZLXljamxHaPP4srUGn4YBcns3O4/getUpdates "HTTP/1.1 200 OK"
2026-05-09 15:35:18,455 | INFO | HTTP Request: POST https://api.telegram.org/bot8738956905:AAEXFFwtZLXljamxHaPP4srUGn4YBcns3O4/getUpdates "HTTP/1.1 200 OK"
2026-05-09 15:35:28,571 | INFO | HTTP Request: POST https://api.telegram.org/bot8738956905:AAEXFFwtZLXljamxHaPP4srUGn4YBcns3O4/getUpdates "HTTP/1.1 200 OK"
2026-05-09 15:35:38,694 | INFO | HTTP Request: POST https://api.telegram.org/bot8738956905:AAEXFFwtZLXljamxHaPP4srUGn4YBcns3O4/getUpdates "HTTP/1.1 200 OK"
2026-05-09 15:35:48,900 | INFO | HTTP Request: POST https://api.telegram.org/bot8738956905:AAEXFFwtZLXljamxHaPP4srUGn4YBcns3O4/getUpdates "HTTP/1.1 200 OK"
2026-05-09 15:35:59,039 | INFO | HTTP Request: POST https://api.telegram.org/bot8738956905:AAEXFFwtZLXljamxHaPP4srUGn4YBcns3O4/getUpdates "HTTP/1.1 200 OK"
2026-05-09 15:36:09,276 | INFO | HTTP Request: POST https://api.telegram.org/bot8738956905:AAEXFFwtZLXljamxHaPP4srUGn4YBcns3O4/getUpdates "HTTP/1.1 200 OK"
2026-05-09 15:36:19,416 | INFO | HTTP Request: POST https://api.telegram.org/bot8738956905:AAEXFFwtZLXljamxHaPP4srUGn4YBcns3O4/getUpdates "HTTP/1.1 200 OK"
2026-05-09 15:36:29,654 | INFO | HTTP Request: POST https://api.telegram.org/bot8738956905:AAEXFFwtZLXljamxHaPP4srUGn4YBcns3O4/getUpdates "HTTP/1.1 200 OK"
2026-05-09 15:36:39,791 | INFO | HTTP Request: POST https://api.telegram.org/bot8738956905:AAEXFFwtZLXljamxHaPP4srUGn4YBcns3O4/getUpdates "HTTP/1.1 200 OK"
2026-05-09 15:36:49,929 | INFO | HTTP Request: POST https://api.telegram.org/bot8738956905:AAEXFFwtZLXljamxHaPP4srUGn4YBcns3O4/getUpdates "HTTP/1.1 200 OK"
2026-05-09 15:37:00,171 | INFO | HTTP Request: POST https://api.telegram.org/bot8738956905:AAEXFFwtZLXljamxHaPP4srUGn4YBcns3O4/getUpdates "HTTP/1.1 200 OK"
2026-05-09 15:37:10,409 | INFO | HTTP Request: POST https://api.telegram.org/bot8738956905:AAEXFFwtZLXljamxHaPP4srUGn4YBcns3O4/getUpdates "HTTP/1.1 200 OK"
2026-05-09 15:37:20,545 | INFO | HTTP Request: POST https://api.telegram.org/bot8738956905:AAEXFFwtZLXljamxHaPP4srUGn4YBcns3O4/getUpdates "HTTP/1.1 200 OK"
2026-05-09 15:37:30,684 | INFO | HTTP Request: POST https://api.telegram.org/bot8738956905:AAEXFFwtZLXljamxHaPP4srUGn4YBcns3O4/getUpdates "HTTP/1.1 200 OK"
2026-05-09 15:37:40,924 | INFO | HTTP Request: POST https://api.telegram.org/bot8738956905:AAEXFFwtZLXljamxHaPP4srUGn4YBcns3O4/getUpdates "HTTP/1.1 200 OK"
2026-05-09 15:37:51,061 | INFO | HTTP Request: POST https://api.telegram.org/bot8738956905:AAEXFFwtZLXljamxHaPP4srUGn4YBcns3O4/getUpdates "HTTP/1.1 200 OK"
2026-05-09 15:38:01,404 | INFO | HTTP Request: POST https://api.telegram.org/bot8738956905:AAEXFFwtZLXljamxHaPP4srUGn4YBcns3O4/getUpdates "HTTP/1.1 200 OK"
2026-05-09 15:38:11,528 | INFO | HTTP Request: POST https://api.telegram.org/bot8738956905:AAEXFFwtZLXljamxHaPP4srUGn4YBcns3O4/getUpdates "HTTP/1.1 200 OK"
2026-05-09 15:38:21,680 | INFO | HTTP Request: POST https://api.telegram.org/bot8738956905:AAEXFFwtZLXljamxHaPP4srUGn4YBcns3O4/getUpdates "HTTP/1.1 200 OK"
2026-05-09 15:38:31,919 | INFO | HTTP Request: POST https://api.telegram.org/bot8738956905:AAEXFFwtZLXljamxHaPP4srUGn4YBcns3O4/getUpdates "HTTP/1.1 200 OK"
2026-05-09 15:38:42,063 | INFO | HTTP Request: POST https://api.telegram.org/bot8738956905:AAEXFFwtZLXljamxHaPP4srUGn4YBcns3O4/getUpdates "HTTP/1.1 200 OK"
2026-05-09 15:38:52,288 | INFO | HTTP Request: POST https://api.telegram.org/bot8738956905:AAEXFFwtZLXljamxHaPP4srUGn4YBcns3O4/getUpdates "HTTP/1.1 200 OK"
2026-05-09 15:39:02,434 | INFO | HTTP Request: POST https://api.telegram.org/bot8738956905:AAEXFFwtZLXljamxHaPP4srUGn4YBcns3O4/getUpdates "HTTP/1.1 200 OK"
2026-05-09 15:39:12,674 | INFO | HTTP Request: POST https://api.telegram.org/bot8738956905:AAEXFFwtZLXljamxHaPP4srUGn4YBcns3O4/getUpdates "HTTP/1.1 200 OK"
2026-05-09 15:39:22,812 | INFO | HTTP Request: POST https://api.telegram.org/bot8738956905:AAEXFFwtZLXljamxHaPP4srUGn4YBcns3O4/getUpdates "HTTP/1.1 200 OK"
2026-05-09 15:39:32,936 | INFO | HTTP Request: POST https://api.telegram.org/bot8738956905:AAEXFFwtZLXljamxHaPP4srUGn4YBcns3O4/getUpdates "HTTP/1.1 200 OK"
2026-05-09 15:39:43,460 | INFO | HTTP Request: POST https://api.telegram.org/bot8738956905:AAEXFFwtZLXljamxHaPP4srUGn4YBcns3O4/getUpdates "HTTP/1.1 200 OK"
2026-05-09 15:39:53,635 | INFO | HTTP Request: POST https://api.telegram.org/bot8738956905:AAEXFFwtZLXljamxHaPP4srUGn4YBcns3O4/getUpdates "HTTP/1.1 200 OK"
2026-05-09 15:40:03,874 | INFO | HTTP Request: POST https://api.telegram.org/bot8738956905:AAEXFFwtZLXljamxHaPP4srUGn4YBcns3O4/getUpdates "HTTP/1.1 200 OK"
2026-05-09 15:40:13,985 | INFO | HTTP Request: POST https://api.telegram.org/bot8738956905:AAEXFFwtZLXljamxHaPP4srUGn4YBcns3O4/getUpdates "HTTP/1.1 200 OK"
2026-05-09 15:40:24,149 | INFO | HTTP Request: POST https://api.telegram.org/bot8738956905:AAEXFFwtZLXljamxHaPP4srUGn4YBcns3O4/getUpdates "HTTP/1.1 200 OK"
2026-05-09 15:40:34,286 | INFO | HTTP Request: POST https://api.telegram.org/bot8738956905:AAEXFFwtZLXljamxHaPP4srUGn4YBcns3O4/getUpdates "HTTP/1.1 200 OK"
2026-05-09 15:40:44,412 | INFO | HTTP Request: POST https://api.telegram.org/bot8738956905:AAEXFFwtZLXljamxHaPP4srUGn4YBcns3O4/getUpdates "HTTP/1.1 200 OK"
2026-05-09 15:40:54,547 | INFO | HTTP Request: POST https://api.telegram.org/bot8738956905:AAEXFFwtZLXljamxHaPP4srUGn4YBcns3O4/getUpdates "HTTP/1.1 200 OK"
2026-05-09 15:41:04,669 | INFO | HTTP Request: POST https://api.telegram.org/bot8738956905:AAEXFFwtZLXljamxHaPP4srUGn4YBcns3O4/getUpdates "HTTP/1.1 200 OK"
2026-05-09 15:41:14,837 | INFO | HTTP Request: POST https://api.telegram.org/bot8738956905:AAEXFFwtZLXljamxHaPP4srUGn4YBcns3O4/getUpdates "HTTP/1.1 200 OK"
2026-05-09 15:41:24,974 | INFO | HTTP Request: POST https://api.telegram.org/bot8738956905:AAEXFFwtZLXljamxHaPP4srUGn4YBcns3O4/getUpdates "HTTP/1.1 200 OK"
2026-05-09 15:41:35,182 | INFO | HTTP Request: POST https://api.telegram.org/bot8738956905:AAEXFFwtZLXljamxHaPP4srUGn4YBcns3O4/getUpdates "HTTP/1.1 200 OK"
2026-05-09 15:41:35,183 | INFO | Application is stopping. This might take a moment.
2026-05-09 15:41:35,184 | INFO | Application.stop() complete
2026-05-09 15:42:11,779 | INFO | Bot started
2026-05-09 15:42:12,214 | INFO | HTTP Request: POST https://api.telegram.org/bot8738956905:AAEXFFwtZLXljamxHaPP4srUGn4YBcns3O4/getMe "HTTP/1.1 200 OK"
2026-05-09 15:42:12,222 | INFO | Database initialized
2026-05-09 15:42:12,348 | INFO | HTTP Request: POST https://api.telegram.org/bot8738956905:AAEXFFwtZLXljamxHaPP4srUGn4YBcns3O4/deleteWebhook "HTTP/1.1 200 OK"
2026-05-09 15:42:12,350 | INFO | Application started
2026-05-09 15:42:16,278 | INFO | HTTP Request: POST https://api.telegram.org/bot8738956905:AAEXFFwtZLXljamxHaPP4srUGn4YBcns3O4/getUpdates "HTTP/1.1 200 OK"
2026-05-09 15:42:16,438 | INFO | HTTP Request: POST https://api.telegram.org/bot8738956905:AAEXFFwtZLXljamxHaPP4srUGn4YBcns3O4/sendMessage "HTTP/1.1 200 OK"
2026-05-09 15:42:26,404 | INFO | HTTP Request: POST https://api.telegram.org/bot8738956905:AAEXFFwtZLXljamxHaPP4srUGn4YBcns3O4/getUpdates "HTTP/1.1 200 OK"
2026-05-09 15:42:28,667 | INFO | HTTP Request: POST https://api.telegram.org/bot8738956905:AAEXFFwtZLXljamxHaPP4srUGn4YBcns3O4/getUpdates "HTTP/1.1 200 OK"
2026-05-09 15:42:29,124 | INFO | HTTP Request: POST https://api.telegram.org/bot8738956905:AAEXFFwtZLXljamxHaPP4srUGn4YBcns3O4/sendMessage "HTTP/1.1 200 OK"
2026-05-09 15:42:29,127 | WARNING | Unauthorized access: +79997737273
2026-05-09 15:42:38,890 | INFO | HTTP Request: POST https://api.telegram.org/bot8738956905:AAEXFFwtZLXljamxHaPP4srUGn4YBcns3O4/getUpdates "HTTP/1.1 200 OK"
2026-05-09 15:42:49,045 | INFO | HTTP Request: POST https://api.telegram.org/bot8738956905:AAEXFFwtZLXljamxHaPP4srUGn4YBcns3O4/getUpdates "HTTP/1.1 200 OK"
2026-05-09 15:42:59,285 | INFO | HTTP Request: POST https://api.telegram.org/bot8738956905:AAEXFFwtZLXljamxHaPP4srUGn4YBcns3O4/getUpdates "HTTP/1.1 200 OK"
2026-05-09 15:43:09,524 | INFO | HTTP Request: POST https://api.telegram.org/bot8738956905:AAEXFFwtZLXljamxHaPP4srUGn4YBcns3O4/getUpdates "HTTP/1.1 200 OK"
2026-05-09 15:43:19,764 | INFO | HTTP Request: POST https://api.telegram.org/bot8738956905:AAEXFFwtZLXljamxHaPP4srUGn4YBcns3O4/getUpdates "HTTP/1.1 200 OK"
2026-05-09 15:43:30,004 | INFO | HTTP Request: POST https://api.telegram.org/bot8738956905:AAEXFFwtZLXljamxHaPP4srUGn4YBcns3O4/getUpdates "HTTP/1.1 200 OK"
2026-05-09 15:43:40,244 | INFO | HTTP Request: POST https://api.telegram.org/bot8738956905:AAEXFFwtZLXljamxHaPP4srUGn4YBcns3O4/getUpdates "HTTP/1.1 200 OK"
2026-05-09 15:43:50,384 | INFO | HTTP Request: POST https://api.telegram.org/bot8738956905:AAEXFFwtZLXljamxHaPP4srUGn4YBcns3O4/getUpdates "HTTP/1.1 200 OK"
2026-05-09 15:44:00,620 | INFO | HTTP Request: POST https://api.telegram.org/bot8738956905:AAEXFFwtZLXljamxHaPP4srUGn4YBcns3O4/getUpdates "HTTP/1.1 200 OK"
2026-05-09 15:44:07,473 | INFO | HTTP Request: POST https://api.telegram.org/bot8738956905:AAEXFFwtZLXljamxHaPP4srUGn4YBcns3O4/getUpdates "HTTP/1.1 200 OK"
2026-05-09 15:44:07,475 | INFO | Application is stopping. This might take a moment.
2026-05-09 15:44:07,475 | INFO | Application.stop() complete
2026-05-09 15:50:34,396 | INFO | Bot started
2026-05-09 15:50:35,088 | INFO | HTTP Request: POST https://api.telegram.org/bot8738956905:AAEXFFwtZLXljamxHaPP4srUGn4YBcns3O4/getMe "HTTP/1.1 200 OK"
2026-05-09 15:50:35,096 | INFO | Database initialized
2026-05-09 15:50:35,337 | INFO | HTTP Request: POST https://api.telegram.org/bot8738956905:AAEXFFwtZLXljamxHaPP4srUGn4YBcns3O4/deleteWebhook "HTTP/1.1 200 OK"
2026-05-09 15:50:35,339 | INFO | Application started
2026-05-09 15:50:42,534 | INFO | HTTP Request: POST https://api.telegram.org/bot8738956905:AAEXFFwtZLXljamxHaPP4srUGn4YBcns3O4/getUpdates "HTTP/1.1 200 OK"
2026-05-09 15:50:42,982 | INFO | HTTP Request: POST https://api.telegram.org/bot8738956905:AAEXFFwtZLXljamxHaPP4srUGn4YBcns3O4/sendMessage "HTTP/1.1 200 OK"
2026-05-09 15:50:47,740 | INFO | HTTP Request: POST https://api.telegram.org/bot8738956905:AAEXFFwtZLXljamxHaPP4srUGn4YBcns3O4/getUpdates "HTTP/1.1 200 OK"
2026-05-09 15:50:47,746 | INFO | Authorized: +79997737273
2026-05-09 15:50:47,909 | INFO | HTTP Request: POST https://api.telegram.org/bot8738956905:AAEXFFwtZLXljamxHaPP4srUGn4YBcns3O4/sendMessage "HTTP/1.1 200 OK"
2026-05-09 15:50:48,105 | INFO | HTTP Request: POST https://api.telegram.org/bot8738956905:AAEXFFwtZLXljamxHaPP4srUGn4YBcns3O4/sendMessage "HTTP/1.1 200 OK"
2026-05-09 15:50:57,871 | INFO | HTTP Request: POST https://api.telegram.org/bot8738956905:AAEXFFwtZLXljamxHaPP4srUGn4YBcns3O4/getUpdates "HTTP/1.1 200 OK"
2026-05-09 15:51:08,007 | INFO | HTTP Request: POST https://api.telegram.org/bot8738956905:AAEXFFwtZLXljamxHaPP4srUGn4YBcns3O4/getUpdates "HTTP/1.1 200 OK"
2026-05-09 15:51:18,153 | INFO | HTTP Request: POST https://api.telegram.org/bot8738956905:AAEXFFwtZLXljamxHaPP4srUGn4YBcns3O4/getUpdates "HTTP/1.1 200 OK"
2026-05-09 15:51:28,381 | INFO | HTTP Request: POST https://api.telegram.org/bot8738956905:AAEXFFwtZLXljamxHaPP4srUGn4YBcns3O4/getUpdates "HTTP/1.1 200 OK"
2026-05-09 15:51:38,518 | INFO | HTTP Request: POST https://api.telegram.org/bot8738956905:AAEXFFwtZLXljamxHaPP4srUGn4YBcns3O4/getUpdates "HTTP/1.1 200 OK"
2026-05-09 15:51:48,658 | INFO | HTTP Request: POST https://api.telegram.org/bot8738956905:AAEXFFwtZLXljamxHaPP4srUGn4YBcns3O4/getUpdates "HTTP/1.1 200 OK"
2026-05-09 15:51:58,793 | INFO | HTTP Request: POST https://api.telegram.org/bot8738956905:AAEXFFwtZLXljamxHaPP4srUGn4YBcns3O4/getUpdates "HTTP/1.1 200 OK"
2026-05-09 15:52:08,930 | INFO | HTTP Request: POST https://api.telegram.org/bot8738956905:AAEXFFwtZLXljamxHaPP4srUGn4YBcns3O4/getUpdates "HTTP/1.1 200 OK"
2026-05-09 15:52:56,662 | INFO | HTTP Request: POST https://api.telegram.org/bot8738956905:AAEXFFwtZLXljamxHaPP4srUGn4YBcns3O4/getUpdates "HTTP/1.1 200 OK"
2026-05-09 15:53:23,832 | INFO | HTTP Request: POST https://api.telegram.org/bot8738956905:AAEXFFwtZLXljamxHaPP4srUGn4YBcns3O4/getUpdates "HTTP/1.1 200 OK"
2026-05-09 15:53:33,970 | INFO | HTTP Request: POST https://api.telegram.org/bot8738956905:AAEXFFwtZLXljamxHaPP4srUGn4YBcns3O4/getUpdates "HTTP/1.1 200 OK"
2026-05-09 15:53:46,997 | INFO | HTTP Request: POST https://api.telegram.org/bot8738956905:AAEXFFwtZLXljamxHaPP4srUGn4YBcns3O4/getUpdates "HTTP/1.1 200 OK"
2026-05-09 15:53:57,211 | INFO | HTTP Request: POST https://api.telegram.org/bot8738956905:AAEXFFwtZLXljamxHaPP4srUGn4YBcns3O4/getUpdates "HTTP/1.1 200 OK"
2026-05-09 15:54:07,359 | INFO | HTTP Request: POST https://api.telegram.org/bot8738956905:AAEXFFwtZLXljamxHaPP4srUGn4YBcns3O4/getUpdates "HTTP/1.1 200 OK"
2026-05-09 15:54:17,501 | INFO | HTTP Request: POST https://api.telegram.org/bot8738956905:AAEXFFwtZLXljamxHaPP4srUGn4YBcns3O4/getUpdates "HTTP/1.1 200 OK"
2026-05-09 15:54:27,620 | INFO | HTTP Request: POST https://api.telegram.org/bot8738956905:AAEXFFwtZLXljamxHaPP4srUGn4YBcns3O4/getUpdates "HTTP/1.1 200 OK"
2026-05-09 15:54:47,579 | INFO | HTTP Request: POST https://api.telegram.org/bot8738956905:AAEXFFwtZLXljamxHaPP4srUGn4YBcns3O4/getUpdates "HTTP/1.1 200 OK"
2026-05-09 15:54:57,725 | INFO | HTTP Request: POST https://api.telegram.org/bot8738956905:AAEXFFwtZLXljamxHaPP4srUGn4YBcns3O4/getUpdates "HTTP/1.1 200 OK"
2026-05-09 15:55:03,853 | INFO | HTTP Request: POST https://api.telegram.org/bot8738956905:AAEXFFwtZLXljamxHaPP4srUGn4YBcns3O4/getUpdates "HTTP/1.1 200 OK"
2026-05-09 15:55:03,854 | INFO | Application is stopping. This might take a moment.
2026-05-09 15:55:03,855 | INFO | Application.stop() complete
2026-05-10 21:19:40,480 | INFO | Bot started
2026-05-10 21:19:40,956 | INFO | HTTP Request: POST https://api.telegram.org/bot8738956905:AAEXFFwtZLXljamxHaPP4srUGn4YBcns3O4/getMe "HTTP/1.1 200 OK"
2026-05-10 21:19:40,964 | INFO | Database initialized
2026-05-10 21:19:41,078 | INFO | HTTP Request: POST https://api.telegram.org/bot8738956905:AAEXFFwtZLXljamxHaPP4srUGn4YBcns3O4/deleteWebhook "HTTP/1.1 200 OK"
2026-05-10 21:19:41,081 | INFO | Application started
2026-05-10 21:19:51,574 | INFO | HTTP Request: POST https://api.telegram.org/bot8738956905:AAEXFFwtZLXljamxHaPP4srUGn4YBcns3O4/getUpdates "HTTP/1.1 200 OK"
2026-05-10 21:19:54,546 | INFO | HTTP Request: POST https://api.telegram.org/bot8738956905:AAEXFFwtZLXljamxHaPP4srUGn4YBcns3O4/getUpdates "HTTP/1.1 200 OK"
2026-05-10 21:19:55,049 | INFO | HTTP Request: POST https://api.telegram.org/bot8738956905:AAEXFFwtZLXljamxHaPP4srUGn4YBcns3O4/sendMessage "HTTP/1.1 200 OK"
2026-05-10 21:20:04,783 | INFO | HTTP Request: POST https://api.telegram.org/bot8738956905:AAEXFFwtZLXljamxHaPP4srUGn4YBcns3O4/getUpdates "HTTP/1.1 200 OK"
2026-05-10 21:20:09,252 | INFO | HTTP Request: POST https://api.telegram.org/bot8738956905:AAEXFFwtZLXljamxHaPP4srUGn4YBcns3O4/getUpdates "HTTP/1.1 200 OK"
2026-05-10 21:20:09,258 | INFO | Authorized: +79997737273
2026-05-10 21:20:09,740 | INFO | HTTP Request: POST https://api.telegram.org/bot8738956905:AAEXFFwtZLXljamxHaPP4srUGn4YBcns3O4/sendMessage "HTTP/1.1 200 OK"
2026-05-10 21:20:10,010 | INFO | HTTP Request: POST https://api.telegram.org/bot8738956905:AAEXFFwtZLXljamxHaPP4srUGn4YBcns3O4/sendMessage "HTTP/1.1 200 OK"
2026-05-10 21:20:19,427 | INFO | HTTP Request: POST https://api.telegram.org/bot8738956905:AAEXFFwtZLXljamxHaPP4srUGn4YBcns3O4/getUpdates "HTTP/1.1 200 OK"
2026-05-10 21:20:29,667 | INFO | HTTP Request: POST https://api.telegram.org/bot8738956905:AAEXFFwtZLXljamxHaPP4srUGn4YBcns3O4/getUpdates "HTTP/1.1 200 OK"
2026-05-10 21:20:39,909 | INFO | HTTP Request: POST https://api.telegram.org/bot8738956905:AAEXFFwtZLXljamxHaPP4srUGn4YBcns3O4/getUpdates "HTTP/1.1 200 OK"
2026-05-10 21:20:50,070 | INFO | HTTP Request: POST https://api.telegram.org/bot8738956905:AAEXFFwtZLXljamxHaPP4srUGn4YBcns3O4/getUpdates "HTTP/1.1 200 OK"
2026-05-10 21:20:58,419 | INFO | HTTP Request: POST https://api.telegram.org/bot8738956905:AAEXFFwtZLXljamxHaPP4srUGn4YBcns3O4/getUpdates "HTTP/1.1 200 OK"
2026-05-10 21:20:58,848 | INFO | HTTP Request: POST https://api.telegram.org/bot8738956905:AAEXFFwtZLXljamxHaPP4srUGn4YBcns3O4/sendMessage "HTTP/1.1 200 OK"
2026-05-10 21:21:08,580 | INFO | HTTP Request: POST https://api.telegram.org/bot8738956905:AAEXFFwtZLXljamxHaPP4srUGn4YBcns3O4/getUpdates "HTTP/1.1 200 OK"
2026-05-10 21:21:18,719 | INFO | HTTP Request: POST https://api.telegram.org/bot8738956905:AAEXFFwtZLXljamxHaPP4srUGn4YBcns3O4/getUpdates "HTTP/1.1 200 OK"
2026-05-10 21:21:28,857 | INFO | HTTP Request: POST https://api.telegram.org/bot8738956905:AAEXFFwtZLXljamxHaPP4srUGn4YBcns3O4/getUpdates "HTTP/1.1 200 OK"
2026-05-10 21:21:39,030 | INFO | HTTP Request: POST https://api.telegram.org/bot8738956905:AAEXFFwtZLXljamxHaPP4srUGn4YBcns3O4/getUpdates "HTTP/1.1 200 OK"
2026-05-10 21:21:49,337 | INFO | HTTP Request: POST https://api.telegram.org/bot8738956905:AAEXFFwtZLXljamxHaPP4srUGn4YBcns3O4/getUpdates "HTTP/1.1 200 OK"
2026-05-10 21:21:59,576 | INFO | HTTP Request: POST https://api.telegram.org/bot8738956905:AAEXFFwtZLXljamxHaPP4srUGn4YBcns3O4/getUpdates "HTTP/1.1 200 OK"
2026-05-10 21:22:09,715 | INFO | HTTP Request: POST https://api.telegram.org/bot8738956905:AAEXFFwtZLXljamxHaPP4srUGn4YBcns3O4/getUpdates "HTTP/1.1 200 OK"
2026-05-10 21:22:19,853 | INFO | HTTP Request: POST https://api.telegram.org/bot8738956905:AAEXFFwtZLXljamxHaPP4srUGn4YBcns3O4/getUpdates "HTTP/1.1 200 OK"
2026-05-10 21:22:29,988 | INFO | HTTP Request: POST https://api.telegram.org/bot8738956905:AAEXFFwtZLXljamxHaPP4srUGn4YBcns3O4/getUpdates "HTTP/1.1 200 OK"
2026-05-10 21:22:35,288 | INFO | HTTP Request: POST https://api.telegram.org/bot8738956905:AAEXFFwtZLXljamxHaPP4srUGn4YBcns3O4/getUpdates "HTTP/1.1 200 OK"
2026-05-10 21:22:35,290 | INFO | Application is stopping. This might take a moment.
2026-05-10 21:22:35,290 | INFO | Application.stop() complete
2026-05-11 13:10:33,424 | INFO | Bot started
2026-05-11 13:10:33,855 | INFO | HTTP Request: POST https://api.telegram.org/bot8738956905:AAEXFFwtZLXljamxHaPP4srUGn4YBcns3O4/getMe "HTTP/1.1 200 OK"
2026-05-11 13:10:33,865 | INFO | Database initialized
2026-05-11 13:10:33,953 | INFO | HTTP Request: POST https://api.telegram.org/bot8738956905:AAEXFFwtZLXljamxHaPP4srUGn4YBcns3O4/deleteWebhook "HTTP/1.1 200 OK"
2026-05-11 13:10:33,955 | INFO | Application started
2026-05-11 13:10:44,244 | INFO | HTTP Request: POST https://api.telegram.org/bot8738956905:AAEXFFwtZLXljamxHaPP4srUGn4YBcns3O4/getUpdates "HTTP/1.1 200 OK"
2026-05-11 13:10:48,090 | INFO | HTTP Request: POST https://api.telegram.org/bot8738956905:AAEXFFwtZLXljamxHaPP4srUGn4YBcns3O4/getUpdates "HTTP/1.1 200 OK"
2026-05-11 13:10:48,421 | INFO | HTTP Request: POST https://api.telegram.org/bot8738956905:AAEXFFwtZLXljamxHaPP4srUGn4YBcns3O4/sendMessage "HTTP/1.1 200 OK"
2026-05-11 13:10:53,305 | INFO | HTTP Request: POST https://api.telegram.org/bot8738956905:AAEXFFwtZLXljamxHaPP4srUGn4YBcns3O4/getUpdates "HTTP/1.1 200 OK"
2026-05-11 13:10:53,311 | INFO | Authorized: +79997737273
2026-05-11 13:10:53,431 | INFO | HTTP Request: POST https://api.telegram.org/bot8738956905:AAEXFFwtZLXljamxHaPP4srUGn4YBcns3O4/sendMessage "HTTP/1.1 200 OK"
2026-05-11 13:10:53,562 | INFO | HTTP Request: POST https://api.telegram.org/bot8738956905:AAEXFFwtZLXljamxHaPP4srUGn4YBcns3O4/sendMessage "HTTP/1.1 200 OK"
2026-05-11 13:11:00,214 | INFO | HTTP Request: POST https://api.telegram.org/bot8738956905:AAEXFFwtZLXljamxHaPP4srUGn4YBcns3O4/getUpdates "HTTP/1.1 200 OK"
2026-05-11 13:11:00,798 | INFO | HTTP Request: POST https://api.telegram.org/bot8738956905:AAEXFFwtZLXljamxHaPP4srUGn4YBcns3O4/sendPhoto "HTTP/1.1 200 OK"
2026-05-11 13:11:10,349 | INFO | HTTP Request: POST https://api.telegram.org/bot8738956905:AAEXFFwtZLXljamxHaPP4srUGn4YBcns3O4/getUpdates "HTTP/1.1 200 OK"
2026-05-11 13:11:20,540 | INFO | HTTP Request: POST https://api.telegram.org/bot8738956905:AAEXFFwtZLXljamxHaPP4srUGn4YBcns3O4/getUpdates "HTTP/1.1 200 OK"
2026-05-11 13:11:30,679 | INFO | HTTP Request: POST https://api.telegram.org/bot8738956905:AAEXFFwtZLXljamxHaPP4srUGn4YBcns3O4/getUpdates "HTTP/1.1 200 OK"
2026-05-11 13:11:40,816 | INFO | HTTP Request: POST https://api.telegram.org/bot8738956905:AAEXFFwtZLXljamxHaPP4srUGn4YBcns3O4/getUpdates "HTTP/1.1 200 OK"
2026-05-11 13:11:48,024 | INFO | HTTP Request: POST https://api.telegram.org/bot8738956905:AAEXFFwtZLXljamxHaPP4srUGn4YBcns3O4/getUpdates "HTTP/1.1 200 OK"
2026-05-11 13:11:48,026 | INFO | Application is stopping. This might take a moment.
2026-05-11 13:11:48,026 | INFO | Application.stop() complete
2026-05-11 13:30:42,265 | INFO | Bot started
2026-05-11 13:30:42,672 | INFO | HTTP Request: POST https://api.telegram.org/bot8738956905:AAEXFFwtZLXljamxHaPP4srUGn4YBcns3O4/getMe "HTTP/1.1 200 OK"
2026-05-11 13:30:42,681 | INFO | Database initialized
2026-05-11 13:30:42,771 | INFO | HTTP Request: POST https://api.telegram.org/bot8738956905:AAEXFFwtZLXljamxHaPP4srUGn4YBcns3O4/deleteWebhook "HTTP/1.1 200 OK"
2026-05-11 13:30:42,774 | INFO | Application started
2026-05-11 13:30:53,131 | INFO | HTTP Request: POST https://api.telegram.org/bot8738956905:AAEXFFwtZLXljamxHaPP4srUGn4YBcns3O4/getUpdates "HTTP/1.1 200 OK"
2026-05-11 13:30:55,972 | INFO | HTTP Request: POST https://api.telegram.org/bot8738956905:AAEXFFwtZLXljamxHaPP4srUGn4YBcns3O4/getUpdates "HTTP/1.1 200 OK"
2026-05-11 13:30:56,284 | INFO | HTTP Request: POST https://api.telegram.org/bot8738956905:AAEXFFwtZLXljamxHaPP4srUGn4YBcns3O4/sendMessage "HTTP/1.1 200 OK"
2026-05-11 13:31:02,451 | INFO | HTTP Request: POST https://api.telegram.org/bot8738956905:AAEXFFwtZLXljamxHaPP4srUGn4YBcns3O4/getUpdates "HTTP/1.1 200 OK"
2026-05-11 13:31:02,457 | INFO | Authorized: +79997737273
2026-05-11 13:31:02,762 | INFO | HTTP Request: POST https://api.telegram.org/bot8738956905:AAEXFFwtZLXljamxHaPP4srUGn4YBcns3O4/sendMessage "HTTP/1.1 200 OK"
2026-05-11 13:31:02,879 | INFO | HTTP Request: POST https://api.telegram.org/bot8738956905:AAEXFFwtZLXljamxHaPP4srUGn4YBcns3O4/sendMessage "HTTP/1.1 200 OK"
2026-05-11 13:31:06,670 | INFO | HTTP Request: POST https://api.telegram.org/bot8738956905:AAEXFFwtZLXljamxHaPP4srUGn4YBcns3O4/getUpdates "HTTP/1.1 200 OK"
2026-05-11 13:31:06,801 | INFO | HTTP Request: POST https://api.telegram.org/bot8738956905:AAEXFFwtZLXljamxHaPP4srUGn4YBcns3O4/sendPhoto "HTTP/1.1 400 Bad Request"
2026-05-11 13:31:06,803 | ERROR | No error handlers are registered, logging exception.
Traceback (most recent call last):
  File "/Library/Frameworks/Python.framework/Versions/3.13/lib/python3.13/site-packages/telegram/ext/_application.py", line 1315, in process_update
    await coroutine
  File "/Library/Frameworks/Python.framework/Versions/3.13/lib/python3.13/site-packages/telegram/ext/_handlers/conversationhandler.py", line 841, in handle_update
    new_state: object = await handler.handle_update(
                        ^^^^^^^^^^^^^^^^^^^^^^^^^^^^
        update, application, handler_check_result, context
        ^^^^^^^^^^^^^^^^^^^^^^^^^^^^^^^^^^^^^^^^^^^^^^^^^^
    )
    ^
  File "/Library/Frameworks/Python.framework/Versions/3.13/lib/python3.13/site-packages/telegram/ext/_handlers/basehandler.py", line 159, in handle_update
    return await self.callback(update, context)
           ^^^^^^^^^^^^^^^^^^^^^^^^^^^^^^^^^^^^
  File "/Users/olegvoropaev/Documents/Python/SNTBot/SNTTgBot/bot.py", line 352, in handle_menu
    await update.message.reply_photo(
    ...<3 lines>...
    )
  File "/Library/Frameworks/Python.framework/Versions/3.13/lib/python3.13/site-packages/telegram/_message.py", line 2567, in reply_photo
    return await self.get_bot().send_photo(
           ^^^^^^^^^^^^^^^^^^^^^^^^^^^^^^^^
    ...<23 lines>...
    )
    ^
  File "/Library/Frameworks/Python.framework/Versions/3.13/lib/python3.13/site-packages/telegram/ext/_extbot.py", line 3204, in send_photo
    return await super().send_photo(
           ^^^^^^^^^^^^^^^^^^^^^^^^^
    ...<25 lines>...
    )
    ^
  File "/Library/Frameworks/Python.framework/Versions/3.13/lib/python3.13/site-packages/telegram/_bot.py", line 1612, in send_photo
    return await self._send_message(
           ^^^^^^^^^^^^^^^^^^^^^^^^^
    ...<22 lines>...
    )
    ^
  File "/Library/Frameworks/Python.framework/Versions/3.13/lib/python3.13/site-packages/telegram/ext/_extbot.py", line 630, in _send_message
    result = await super()._send_message(
             ^^^^^^^^^^^^^^^^^^^^^^^^^^^^
    ...<23 lines>...
    )
    ^
  File "/Library/Frameworks/Python.framework/Versions/3.13/lib/python3.13/site-packages/telegram/_bot.py", line 820, in _send_message
    result = await self._post(
             ^^^^^^^^^^^^^^^^^
    ...<7 lines>...
    )
    ^
  File "/Library/Frameworks/Python.framework/Versions/3.13/lib/python3.13/site-packages/telegram/_bot.py", line 704, in _post
    return await self._do_post(
           ^^^^^^^^^^^^^^^^^^^^
    ...<6 lines>...
    )
    ^
  File "/Library/Frameworks/Python.framework/Versions/3.13/lib/python3.13/site-packages/telegram/ext/_extbot.py", line 370, in _do_post
    return await super()._do_post(
           ^^^^^^^^^^^^^^^^^^^^^^^
    ...<6 lines>...
    )
    ^
  File "/Library/Frameworks/Python.framework/Versions/3.13/lib/python3.13/site-packages/telegram/_bot.py", line 733, in _do_post
    result = await request.post(
             ^^^^^^^^^^^^^^^^^^^
    ...<6 lines>...
    )
    ^
  File "/Library/Frameworks/Python.framework/Versions/3.13/lib/python3.13/site-packages/telegram/request/_baserequest.py", line 198, in post
    result = await self._request_wrapper(
             ^^^^^^^^^^^^^^^^^^^^^^^^^^^^
    ...<7 lines>...
    )
    ^
  File "/Library/Frameworks/Python.framework/Versions/3.13/lib/python3.13/site-packages/telegram/request/_baserequest.py", line 375, in _request_wrapper
    raise exception
telegram.error.BadRequest: Inline keyboard button url 'hhttps://online.sberbank.ru/app/payments/main' is invalid: unsupported url protocol
2026-05-11 13:31:16,771 | INFO | HTTP Request: POST https://api.telegram.org/bot8738956905:AAEXFFwtZLXljamxHaPP4srUGn4YBcns3O4/getUpdates "HTTP/1.1 200 OK"
2026-05-11 13:31:26,923 | INFO | HTTP Request: POST https://api.telegram.org/bot8738956905:AAEXFFwtZLXljamxHaPP4srUGn4YBcns3O4/getUpdates "HTTP/1.1 200 OK"
2026-05-11 13:31:30,108 | INFO | HTTP Request: POST https://api.telegram.org/bot8738956905:AAEXFFwtZLXljamxHaPP4srUGn4YBcns3O4/getUpdates "HTTP/1.1 200 OK"
2026-05-11 13:31:30,522 | INFO | HTTP Request: POST https://api.telegram.org/bot8738956905:AAEXFFwtZLXljamxHaPP4srUGn4YBcns3O4/sendPhoto "HTTP/1.1 400 Bad Request"
2026-05-11 13:31:30,523 | ERROR | No error handlers are registered, logging exception.
Traceback (most recent call last):
  File "/Library/Frameworks/Python.framework/Versions/3.13/lib/python3.13/site-packages/telegram/ext/_application.py", line 1315, in process_update
    await coroutine
  File "/Library/Frameworks/Python.framework/Versions/3.13/lib/python3.13/site-packages/telegram/ext/_handlers/conversationhandler.py", line 841, in handle_update
    new_state: object = await handler.handle_update(
                        ^^^^^^^^^^^^^^^^^^^^^^^^^^^^
        update, application, handler_check_result, context
        ^^^^^^^^^^^^^^^^^^^^^^^^^^^^^^^^^^^^^^^^^^^^^^^^^^
    )
    ^
  File "/Library/Frameworks/Python.framework/Versions/3.13/lib/python3.13/site-packages/telegram/ext/_handlers/basehandler.py", line 159, in handle_update
    return await self.callback(update, context)
           ^^^^^^^^^^^^^^^^^^^^^^^^^^^^^^^^^^^^
  File "/Users/olegvoropaev/Documents/Python/SNTBot/SNTTgBot/bot.py", line 352, in handle_menu
    await update.message.reply_photo(
    ...<3 lines>...
    )
  File "/Library/Frameworks/Python.framework/Versions/3.13/lib/python3.13/site-packages/telegram/_message.py", line 2567, in reply_photo
    return await self.get_bot().send_photo(
           ^^^^^^^^^^^^^^^^^^^^^^^^^^^^^^^^
    ...<23 lines>...
    )
    ^
  File "/Library/Frameworks/Python.framework/Versions/3.13/lib/python3.13/site-packages/telegram/ext/_extbot.py", line 3204, in send_photo
    return await super().send_photo(
           ^^^^^^^^^^^^^^^^^^^^^^^^^
    ...<25 lines>...
    )
    ^
  File "/Library/Frameworks/Python.framework/Versions/3.13/lib/python3.13/site-packages/telegram/_bot.py", line 1612, in send_photo
    return await self._send_message(
           ^^^^^^^^^^^^^^^^^^^^^^^^^
    ...<22 lines>...
    )
    ^
  File "/Library/Frameworks/Python.framework/Versions/3.13/lib/python3.13/site-packages/telegram/ext/_extbot.py", line 630, in _send_message
    result = await super()._send_message(
             ^^^^^^^^^^^^^^^^^^^^^^^^^^^^
    ...<23 lines>...
    )
    ^
  File "/Library/Frameworks/Python.framework/Versions/3.13/lib/python3.13/site-packages/telegram/_bot.py", line 820, in _send_message
    result = await self._post(
             ^^^^^^^^^^^^^^^^^
    ...<7 lines>...
    )
    ^
  File "/Library/Frameworks/Python.framework/Versions/3.13/lib/python3.13/site-packages/telegram/_bot.py", line 704, in _post
    return await self._do_post(
           ^^^^^^^^^^^^^^^^^^^^
    ...<6 lines>...
    )
    ^
  File "/Library/Frameworks/Python.framework/Versions/3.13/lib/python3.13/site-packages/telegram/ext/_extbot.py", line 370, in _do_post
    return await super()._do_post(
           ^^^^^^^^^^^^^^^^^^^^^^^
    ...<6 lines>...
    )
    ^
  File "/Library/Frameworks/Python.framework/Versions/3.13/lib/python3.13/site-packages/telegram/_bot.py", line 733, in _do_post
    result = await request.post(
             ^^^^^^^^^^^^^^^^^^^
    ...<6 lines>...
    )
    ^
  File "/Library/Frameworks/Python.framework/Versions/3.13/lib/python3.13/site-packages/telegram/request/_baserequest.py", line 198, in post
    result = await self._request_wrapper(
             ^^^^^^^^^^^^^^^^^^^^^^^^^^^^
    ...<7 lines>...
    )
    ^
  File "/Library/Frameworks/Python.framework/Versions/3.13/lib/python3.13/site-packages/telegram/request/_baserequest.py", line 375, in _request_wrapper
    raise exception
telegram.error.BadRequest: Inline keyboard button url 'hhttps://online.sberbank.ru/app/payments/main' is invalid: unsupported url protocol
2026-05-11 13:31:32,440 | INFO | HTTP Request: POST https://api.telegram.org/bot8738956905:AAEXFFwtZLXljamxHaPP4srUGn4YBcns3O4/getUpdates "HTTP/1.1 200 OK"
2026-05-11 13:31:32,557 | INFO | HTTP Request: POST https://api.telegram.org/bot8738956905:AAEXFFwtZLXljamxHaPP4srUGn4YBcns3O4/sendMessage "HTTP/1.1 200 OK"
2026-05-11 13:31:36,191 | INFO | HTTP Request: POST https://api.telegram.org/bot8738956905:AAEXFFwtZLXljamxHaPP4srUGn4YBcns3O4/getUpdates "HTTP/1.1 200 OK"
2026-05-11 13:31:36,332 | INFO | HTTP Request: POST https://api.telegram.org/bot8738956905:AAEXFFwtZLXljamxHaPP4srUGn4YBcns3O4/sendMessage "HTTP/1.1 200 OK"
2026-05-11 13:31:38,290 | INFO | HTTP Request: POST https://api.telegram.org/bot8738956905:AAEXFFwtZLXljamxHaPP4srUGn4YBcns3O4/getUpdates "HTTP/1.1 200 OK"
2026-05-11 13:31:38,391 | INFO | HTTP Request: POST https://api.telegram.org/bot8738956905:AAEXFFwtZLXljamxHaPP4srUGn4YBcns3O4/sendPhoto "HTTP/1.1 400 Bad Request"
2026-05-11 13:31:38,393 | ERROR | No error handlers are registered, logging exception.
Traceback (most recent call last):
  File "/Library/Frameworks/Python.framework/Versions/3.13/lib/python3.13/site-packages/telegram/ext/_application.py", line 1315, in process_update
    await coroutine
  File "/Library/Frameworks/Python.framework/Versions/3.13/lib/python3.13/site-packages/telegram/ext/_handlers/conversationhandler.py", line 841, in handle_update
    new_state: object = await handler.handle_update(
                        ^^^^^^^^^^^^^^^^^^^^^^^^^^^^
        update, application, handler_check_result, context
        ^^^^^^^^^^^^^^^^^^^^^^^^^^^^^^^^^^^^^^^^^^^^^^^^^^
    )
    ^
  File "/Library/Frameworks/Python.framework/Versions/3.13/lib/python3.13/site-packages/telegram/ext/_handlers/basehandler.py", line 159, in handle_update
    return await self.callback(update, context)
           ^^^^^^^^^^^^^^^^^^^^^^^^^^^^^^^^^^^^
  File "/Users/olegvoropaev/Documents/Python/SNTBot/SNTTgBot/bot.py", line 352, in handle_menu
    await update.message.reply_photo(
    ...<3 lines>...
    )
  File "/Library/Frameworks/Python.framework/Versions/3.13/lib/python3.13/site-packages/telegram/_message.py", line 2567, in reply_photo
    return await self.get_bot().send_photo(
           ^^^^^^^^^^^^^^^^^^^^^^^^^^^^^^^^
    ...<23 lines>...
    )
    ^
  File "/Library/Frameworks/Python.framework/Versions/3.13/lib/python3.13/site-packages/telegram/ext/_extbot.py", line 3204, in send_photo
    return await super().send_photo(
           ^^^^^^^^^^^^^^^^^^^^^^^^^
    ...<25 lines>...
    )
    ^
  File "/Library/Frameworks/Python.framework/Versions/3.13/lib/python3.13/site-packages/telegram/_bot.py", line 1612, in send_photo
    return await self._send_message(
           ^^^^^^^^^^^^^^^^^^^^^^^^^
    ...<22 lines>...
    )
    ^
  File "/Library/Frameworks/Python.framework/Versions/3.13/lib/python3.13/site-packages/telegram/ext/_extbot.py", line 630, in _send_message
    result = await super()._send_message(
             ^^^^^^^^^^^^^^^^^^^^^^^^^^^^
    ...<23 lines>...
    )
    ^
  File "/Library/Frameworks/Python.framework/Versions/3.13/lib/python3.13/site-packages/telegram/_bot.py", line 820, in _send_message
    result = await self._post(
             ^^^^^^^^^^^^^^^^^
    ...<7 lines>...
    )
    ^
  File "/Library/Frameworks/Python.framework/Versions/3.13/lib/python3.13/site-packages/telegram/_bot.py", line 704, in _post
    return await self._do_post(
           ^^^^^^^^^^^^^^^^^^^^
    ...<6 lines>...
    )
    ^
  File "/Library/Frameworks/Python.framework/Versions/3.13/lib/python3.13/site-packages/telegram/ext/_extbot.py", line 370, in _do_post
    return await super()._do_post(
           ^^^^^^^^^^^^^^^^^^^^^^^
    ...<6 lines>...
    )
    ^
  File "/Library/Frameworks/Python.framework/Versions/3.13/lib/python3.13/site-packages/telegram/_bot.py", line 733, in _do_post
    result = await request.post(
             ^^^^^^^^^^^^^^^^^^^
    ...<6 lines>...
    )
    ^
  File "/Library/Frameworks/Python.framework/Versions/3.13/lib/python3.13/site-packages/telegram/request/_baserequest.py", line 198, in post
    result = await self._request_wrapper(
             ^^^^^^^^^^^^^^^^^^^^^^^^^^^^
    ...<7 lines>...
    )
    ^
  File "/Library/Frameworks/Python.framework/Versions/3.13/lib/python3.13/site-packages/telegram/request/_baserequest.py", line 375, in _request_wrapper
    raise exception
telegram.error.BadRequest: Inline keyboard button url 'hhttps://online.sberbank.ru/app/payments/main' is invalid: unsupported url protocol
2026-05-11 13:31:48,426 | INFO | HTTP Request: POST https://api.telegram.org/bot8738956905:AAEXFFwtZLXljamxHaPP4srUGn4YBcns3O4/getUpdates "HTTP/1.1 200 OK"
2026-05-11 13:31:52,842 | INFO | HTTP Request: POST https://api.telegram.org/bot8738956905:AAEXFFwtZLXljamxHaPP4srUGn4YBcns3O4/getUpdates "HTTP/1.1 200 OK"
2026-05-11 13:31:52,843 | INFO | Application is stopping. This might take a moment.
2026-05-11 13:31:52,843 | INFO | Application.stop() complete
2026-05-11 13:33:02,309 | INFO | Bot started
2026-05-11 13:33:02,762 | INFO | HTTP Request: POST https://api.telegram.org/bot8738956905:AAEXFFwtZLXljamxHaPP4srUGn4YBcns3O4/getMe "HTTP/1.1 200 OK"
2026-05-11 13:33:02,766 | INFO | Database initialized
2026-05-11 13:33:02,856 | INFO | HTTP Request: POST https://api.telegram.org/bot8738956905:AAEXFFwtZLXljamxHaPP4srUGn4YBcns3O4/deleteWebhook "HTTP/1.1 200 OK"
2026-05-11 13:33:02,859 | INFO | Application started
2026-05-11 13:33:06,762 | INFO | HTTP Request: POST https://api.telegram.org/bot8738956905:AAEXFFwtZLXljamxHaPP4srUGn4YBcns3O4/getUpdates "HTTP/1.1 200 OK"
2026-05-11 13:33:06,881 | INFO | HTTP Request: POST https://api.telegram.org/bot8738956905:AAEXFFwtZLXljamxHaPP4srUGn4YBcns3O4/sendMessage "HTTP/1.1 200 OK"
2026-05-11 13:33:11,270 | INFO | HTTP Request: POST https://api.telegram.org/bot8738956905:AAEXFFwtZLXljamxHaPP4srUGn4YBcns3O4/getUpdates "HTTP/1.1 200 OK"
2026-05-11 13:33:11,275 | INFO | Authorized: +79997737273
2026-05-11 13:33:11,385 | INFO | HTTP Request: POST https://api.telegram.org/bot8738956905:AAEXFFwtZLXljamxHaPP4srUGn4YBcns3O4/sendMessage "HTTP/1.1 200 OK"
2026-05-11 13:33:11,508 | INFO | HTTP Request: POST https://api.telegram.org/bot8738956905:AAEXFFwtZLXljamxHaPP4srUGn4YBcns3O4/sendMessage "HTTP/1.1 200 OK"
2026-05-11 13:33:17,107 | INFO | HTTP Request: POST https://api.telegram.org/bot8738956905:AAEXFFwtZLXljamxHaPP4srUGn4YBcns3O4/getUpdates "HTTP/1.1 200 OK"
2026-05-11 13:33:17,555 | INFO | HTTP Request: POST https://api.telegram.org/bot8738956905:AAEXFFwtZLXljamxHaPP4srUGn4YBcns3O4/sendPhoto "HTTP/1.1 200 OK"
2026-05-11 13:33:27,202 | INFO | HTTP Request: POST https://api.telegram.org/bot8738956905:AAEXFFwtZLXljamxHaPP4srUGn4YBcns3O4/getUpdates "HTTP/1.1 200 OK"
2026-05-11 13:33:37,381 | INFO | HTTP Request: POST https://api.telegram.org/bot8738956905:AAEXFFwtZLXljamxHaPP4srUGn4YBcns3O4/getUpdates "HTTP/1.1 200 OK"
2026-05-11 13:33:47,472 | INFO | HTTP Request: POST https://api.telegram.org/bot8738956905:AAEXFFwtZLXljamxHaPP4srUGn4YBcns3O4/getUpdates "HTTP/1.1 200 OK"
2026-05-11 13:33:57,562 | INFO | HTTP Request: POST https://api.telegram.org/bot8738956905:AAEXFFwtZLXljamxHaPP4srUGn4YBcns3O4/getUpdates "HTTP/1.1 200 OK"
2026-05-11 13:34:07,896 | INFO | HTTP Request: POST https://api.telegram.org/bot8738956905:AAEXFFwtZLXljamxHaPP4srUGn4YBcns3O4/getUpdates "HTTP/1.1 200 OK"
2026-05-11 13:34:18,136 | INFO | HTTP Request: POST https://api.telegram.org/bot8738956905:AAEXFFwtZLXljamxHaPP4srUGn4YBcns3O4/getUpdates "HTTP/1.1 200 OK"
2026-05-11 13:34:28,229 | INFO | HTTP Request: POST https://api.telegram.org/bot8738956905:AAEXFFwtZLXljamxHaPP4srUGn4YBcns3O4/getUpdates "HTTP/1.1 200 OK"
2026-05-11 13:34:38,321 | INFO | HTTP Request: POST https://api.telegram.org/bot8738956905:AAEXFFwtZLXljamxHaPP4srUGn4YBcns3O4/getUpdates "HTTP/1.1 200 OK"
2026-05-11 13:34:48,446 | INFO | HTTP Request: POST https://api.telegram.org/bot8738956905:AAEXFFwtZLXljamxHaPP4srUGn4YBcns3O4/getUpdates "HTTP/1.1 200 OK"
2026-05-11 13:34:58,584 | INFO | HTTP Request: POST https://api.telegram.org/bot8738956905:AAEXFFwtZLXljamxHaPP4srUGn4YBcns3O4/getUpdates "HTTP/1.1 200 OK"
2026-05-11 13:35:08,673 | INFO | HTTP Request: POST https://api.telegram.org/bot8738956905:AAEXFFwtZLXljamxHaPP4srUGn4YBcns3O4/getUpdates "HTTP/1.1 200 OK"
2026-05-11 13:35:18,860 | INFO | HTTP Request: POST https://api.telegram.org/bot8738956905:AAEXFFwtZLXljamxHaPP4srUGn4YBcns3O4/getUpdates "HTTP/1.1 200 OK"
2026-05-11 13:35:28,996 | INFO | HTTP Request: POST https://api.telegram.org/bot8738956905:AAEXFFwtZLXljamxHaPP4srUGn4YBcns3O4/getUpdates "HTTP/1.1 200 OK"
2026-05-11 13:35:39,134 | INFO | HTTP Request: POST https://api.telegram.org/bot8738956905:AAEXFFwtZLXljamxHaPP4srUGn4YBcns3O4/getUpdates "HTTP/1.1 200 OK"
2026-05-11 13:35:49,272 | INFO | HTTP Request: POST https://api.telegram.org/bot8738956905:AAEXFFwtZLXljamxHaPP4srUGn4YBcns3O4/getUpdates "HTTP/1.1 200 OK"
2026-05-11 13:35:59,366 | INFO | HTTP Request: POST https://api.telegram.org/bot8738956905:AAEXFFwtZLXljamxHaPP4srUGn4YBcns3O4/getUpdates "HTTP/1.1 200 OK"
2026-05-11 13:36:09,547 | INFO | HTTP Request: POST https://api.telegram.org/bot8738956905:AAEXFFwtZLXljamxHaPP4srUGn4YBcns3O4/getUpdates "HTTP/1.1 200 OK"
2026-05-11 13:36:16,616 | INFO | HTTP Request: POST https://api.telegram.org/bot8738956905:AAEXFFwtZLXljamxHaPP4srUGn4YBcns3O4/getUpdates "HTTP/1.1 200 OK"
2026-05-11 13:36:17,028 | INFO | HTTP Request: POST https://api.telegram.org/bot8738956905:AAEXFFwtZLXljamxHaPP4srUGn4YBcns3O4/sendMessage "HTTP/1.1 200 OK"
2026-05-11 13:36:26,751 | INFO | HTTP Request: POST https://api.telegram.org/bot8738956905:AAEXFFwtZLXljamxHaPP4srUGn4YBcns3O4/getUpdates "HTTP/1.1 200 OK"
2026-05-11 13:36:36,847 | INFO | HTTP Request: POST https://api.telegram.org/bot8738956905:AAEXFFwtZLXljamxHaPP4srUGn4YBcns3O4/getUpdates "HTTP/1.1 200 OK"
2026-05-11 13:36:42,136 | INFO | HTTP Request: POST https://api.telegram.org/bot8738956905:AAEXFFwtZLXljamxHaPP4srUGn4YBcns3O4/getUpdates "HTTP/1.1 200 OK"
2026-05-11 13:36:42,539 | INFO | HTTP Request: POST https://api.telegram.org/bot8738956905:AAEXFFwtZLXljamxHaPP4srUGn4YBcns3O4/sendMessage "HTTP/1.1 200 OK"
2026-05-11 13:36:47,021 | INFO | HTTP Request: POST https://api.telegram.org/bot8738956905:AAEXFFwtZLXljamxHaPP4srUGn4YBcns3O4/getUpdates "HTTP/1.1 200 OK"
2026-05-11 13:36:47,029 | INFO | Authorized: +79152942666
2026-05-11 13:36:47,143 | INFO | HTTP Request: POST https://api.telegram.org/bot8738956905:AAEXFFwtZLXljamxHaPP4srUGn4YBcns3O4/sendMessage "HTTP/1.1 200 OK"
2026-05-11 13:36:47,260 | INFO | HTTP Request: POST https://api.telegram.org/bot8738956905:AAEXFFwtZLXljamxHaPP4srUGn4YBcns3O4/sendMessage "HTTP/1.1 200 OK"
2026-05-11 13:36:54,010 | INFO | HTTP Request: POST https://api.telegram.org/bot8738956905:AAEXFFwtZLXljamxHaPP4srUGn4YBcns3O4/getUpdates "HTTP/1.1 200 OK"
2026-05-11 13:36:54,359 | INFO | HTTP Request: POST https://api.telegram.org/bot8738956905:AAEXFFwtZLXljamxHaPP4srUGn4YBcns3O4/sendPhoto "HTTP/1.1 200 OK"
2026-05-11 13:37:04,116 | INFO | HTTP Request: POST https://api.telegram.org/bot8738956905:AAEXFFwtZLXljamxHaPP4srUGn4YBcns3O4/getUpdates "HTTP/1.1 200 OK"
2026-05-11 13:37:14,265 | INFO | HTTP Request: POST https://api.telegram.org/bot8738956905:AAEXFFwtZLXljamxHaPP4srUGn4YBcns3O4/getUpdates "HTTP/1.1 200 OK"
2026-05-11 13:37:24,355 | INFO | HTTP Request: POST https://api.telegram.org/bot8738956905:AAEXFFwtZLXljamxHaPP4srUGn4YBcns3O4/getUpdates "HTTP/1.1 200 OK"
2026-05-11 13:37:34,503 | INFO | HTTP Request: POST https://api.telegram.org/bot8738956905:AAEXFFwtZLXljamxHaPP4srUGn4YBcns3O4/getUpdates "HTTP/1.1 200 OK"
2026-05-11 13:37:44,677 | INFO | HTTP Request: POST https://api.telegram.org/bot8738956905:AAEXFFwtZLXljamxHaPP4srUGn4YBcns3O4/getUpdates "HTTP/1.1 200 OK"
2026-05-11 13:37:54,775 | INFO | HTTP Request: POST https://api.telegram.org/bot8738956905:AAEXFFwtZLXljamxHaPP4srUGn4YBcns3O4/getUpdates "HTTP/1.1 200 OK"
2026-05-11 13:38:04,896 | INFO | HTTP Request: POST https://api.telegram.org/bot8738956905:AAEXFFwtZLXljamxHaPP4srUGn4YBcns3O4/getUpdates "HTTP/1.1 200 OK"
2026-05-11 13:38:15,087 | INFO | HTTP Request: POST https://api.telegram.org/bot8738956905:AAEXFFwtZLXljamxHaPP4srUGn4YBcns3O4/getUpdates "HTTP/1.1 200 OK"
2026-05-11 13:38:25,178 | INFO | HTTP Request: POST https://api.telegram.org/bot8738956905:AAEXFFwtZLXljamxHaPP4srUGn4YBcns3O4/getUpdates "HTTP/1.1 200 OK"
2026-05-11 13:38:35,365 | INFO | HTTP Request: POST https://api.telegram.org/bot8738956905:AAEXFFwtZLXljamxHaPP4srUGn4YBcns3O4/getUpdates "HTTP/1.1 200 OK"
2026-05-11 13:38:45,503 | INFO | HTTP Request: POST https://api.telegram.org/bot8738956905:AAEXFFwtZLXljamxHaPP4srUGn4YBcns3O4/getUpdates "HTTP/1.1 200 OK"
2026-05-11 13:38:50,579 | INFO | HTTP Request: POST https://api.telegram.org/bot8738956905:AAEXFFwtZLXljamxHaPP4srUGn4YBcns3O4/getUpdates "HTTP/1.1 200 OK"
2026-05-11 13:38:50,583 | INFO | Application is stopping. This might take a moment.
2026-05-11 13:38:50,583 | INFO | Application.stop() complete
2026-05-11 14:05:54,152 | INFO | Bot started
2026-05-11 14:05:54,820 | INFO | HTTP Request: POST https://api.telegram.org/bot8738956905:AAEXFFwtZLXljamxHaPP4srUGn4YBcns3O4/getMe "HTTP/1.1 200 OK"
2026-05-11 14:05:54,826 | INFO | Database initialized
2026-05-11 14:05:54,919 | INFO | HTTP Request: POST https://api.telegram.org/bot8738956905:AAEXFFwtZLXljamxHaPP4srUGn4YBcns3O4/deleteWebhook "HTTP/1.1 200 OK"
2026-05-11 14:05:54,920 | INFO | Application started
2026-05-11 14:06:00,739 | INFO | HTTP Request: POST https://api.telegram.org/bot8738956905:AAEXFFwtZLXljamxHaPP4srUGn4YBcns3O4/getUpdates "HTTP/1.1 200 OK"
2026-05-11 14:06:01,094 | INFO | HTTP Request: POST https://api.telegram.org/bot8738956905:AAEXFFwtZLXljamxHaPP4srUGn4YBcns3O4/sendMessage "HTTP/1.1 200 OK"
2026-05-11 14:06:03,608 | INFO | HTTP Request: POST https://api.telegram.org/bot8738956905:AAEXFFwtZLXljamxHaPP4srUGn4YBcns3O4/getUpdates "HTTP/1.1 200 OK"
2026-05-11 14:06:03,615 | INFO | Authorized: +79997737273
2026-05-11 14:06:03,733 | INFO | HTTP Request: POST https://api.telegram.org/bot8738956905:AAEXFFwtZLXljamxHaPP4srUGn4YBcns3O4/sendMessage "HTTP/1.1 200 OK"
2026-05-11 14:06:03,857 | INFO | HTTP Request: POST https://api.telegram.org/bot8738956905:AAEXFFwtZLXljamxHaPP4srUGn4YBcns3O4/sendMessage "HTTP/1.1 200 OK"
2026-05-11 14:06:06,883 | INFO | HTTP Request: POST https://api.telegram.org/bot8738956905:AAEXFFwtZLXljamxHaPP4srUGn4YBcns3O4/getUpdates "HTTP/1.1 200 OK"
2026-05-11 14:06:07,004 | INFO | HTTP Request: POST https://api.telegram.org/bot8738956905:AAEXFFwtZLXljamxHaPP4srUGn4YBcns3O4/sendMessage "HTTP/1.1 200 OK"
2026-05-11 14:06:15,224 | INFO | HTTP Request: POST https://api.telegram.org/bot8738956905:AAEXFFwtZLXljamxHaPP4srUGn4YBcns3O4/getUpdates "HTTP/1.1 200 OK"
2026-05-11 14:06:15,584 | INFO | HTTP Request: POST https://api.telegram.org/bot8738956905:AAEXFFwtZLXljamxHaPP4srUGn4YBcns3O4/sendPhoto "HTTP/1.1 200 OK"
2026-05-11 14:06:23,705 | INFO | HTTP Request: POST https://api.telegram.org/bot8738956905:AAEXFFwtZLXljamxHaPP4srUGn4YBcns3O4/getUpdates "HTTP/1.1 200 OK"
2026-05-11 14:06:23,707 | INFO | Application is stopping. This might take a moment.
2026-05-11 14:06:23,707 | INFO | Application.stop() complete
2026-05-11 14:30:55,700 | INFO | Bot started
2026-05-11 14:30:56,187 | INFO | HTTP Request: POST https://api.telegram.org/bot8738956905:AAEXFFwtZLXljamxHaPP4srUGn4YBcns3O4/getMe "HTTP/1.1 200 OK"
2026-05-11 14:30:56,196 | INFO | Database initialized
2026-05-11 14:30:56,285 | INFO | HTTP Request: POST https://api.telegram.org/bot8738956905:AAEXFFwtZLXljamxHaPP4srUGn4YBcns3O4/deleteWebhook "HTTP/1.1 200 OK"
2026-05-11 14:30:56,288 | INFO | Application started
2026-05-11 14:31:06,640 | INFO | HTTP Request: POST https://api.telegram.org/bot8738956905:AAEXFFwtZLXljamxHaPP4srUGn4YBcns3O4/getUpdates "HTTP/1.1 200 OK"
2026-05-11 14:31:07,317 | INFO | HTTP Request: POST https://api.telegram.org/bot8738956905:AAEXFFwtZLXljamxHaPP4srUGn4YBcns3O4/getUpdates "HTTP/1.1 200 OK"
2026-05-11 14:31:07,643 | INFO | HTTP Request: POST https://api.telegram.org/bot8738956905:AAEXFFwtZLXljamxHaPP4srUGn4YBcns3O4/sendMessage "HTTP/1.1 200 OK"
2026-05-11 14:31:15,403 | INFO | HTTP Request: POST https://api.telegram.org/bot8738956905:AAEXFFwtZLXljamxHaPP4srUGn4YBcns3O4/getUpdates "HTTP/1.1 200 OK"
2026-05-11 14:31:15,408 | INFO | Authorized: +79997737273
2026-05-11 14:31:15,734 | INFO | HTTP Request: POST https://api.telegram.org/bot8738956905:AAEXFFwtZLXljamxHaPP4srUGn4YBcns3O4/sendMessage "HTTP/1.1 200 OK"
2026-05-11 14:31:15,857 | INFO | HTTP Request: POST https://api.telegram.org/bot8738956905:AAEXFFwtZLXljamxHaPP4srUGn4YBcns3O4/sendMessage "HTTP/1.1 200 OK"
2026-05-11 14:31:19,126 | INFO | HTTP Request: POST https://api.telegram.org/bot8738956905:AAEXFFwtZLXljamxHaPP4srUGn4YBcns3O4/getUpdates "HTTP/1.1 200 OK"
2026-05-11 14:31:19,217 | INFO | HTTP Request: POST https://api.telegram.org/bot8738956905:AAEXFFwtZLXljamxHaPP4srUGn4YBcns3O4/sendMessage "HTTP/1.1 400 Bad Request"
2026-05-11 14:31:19,218 | ERROR | No error handlers are registered, logging exception.
Traceback (most recent call last):
  File "/Library/Frameworks/Python.framework/Versions/3.13/lib/python3.13/site-packages/telegram/ext/_application.py", line 1315, in process_update
    await coroutine
  File "/Library/Frameworks/Python.framework/Versions/3.13/lib/python3.13/site-packages/telegram/ext/_handlers/conversationhandler.py", line 841, in handle_update
    new_state: object = await handler.handle_update(
                        ^^^^^^^^^^^^^^^^^^^^^^^^^^^^
        update, application, handler_check_result, context
        ^^^^^^^^^^^^^^^^^^^^^^^^^^^^^^^^^^^^^^^^^^^^^^^^^^
    )
    ^
  File "/Library/Frameworks/Python.framework/Versions/3.13/lib/python3.13/site-packages/telegram/ext/_handlers/basehandler.py", line 159, in handle_update
    return await self.callback(update, context)
           ^^^^^^^^^^^^^^^^^^^^^^^^^^^^^^^^^^^^
  File "/Users/olegvoropaev/Documents/Python/SNTBot/SNTTgBot/bot.py", line 450, in handle_menu
    await update.message.reply_text(
    ...<3 lines>...
    )
  File "/Library/Frameworks/Python.framework/Versions/3.13/lib/python3.13/site-packages/telegram/_message.py", line 2106, in reply_text
    return await self.get_bot().send_message(
           ^^^^^^^^^^^^^^^^^^^^^^^^^^^^^^^^^^
    ...<21 lines>...
    )
    ^
  File "/Library/Frameworks/Python.framework/Versions/3.13/lib/python3.13/site-packages/telegram/ext/_extbot.py", line 3118, in send_message
    return await super().send_message(
           ^^^^^^^^^^^^^^^^^^^^^^^^^^^
    ...<23 lines>...
    )
    ^
  File "/Library/Frameworks/Python.framework/Versions/3.13/lib/python3.13/site-packages/telegram/_bot.py", line 1123, in send_message
    return await self._send_message(
           ^^^^^^^^^^^^^^^^^^^^^^^^^
    ...<21 lines>...
    )
    ^
  File "/Library/Frameworks/Python.framework/Versions/3.13/lib/python3.13/site-packages/telegram/ext/_extbot.py", line 630, in _send_message
    result = await super()._send_message(
             ^^^^^^^^^^^^^^^^^^^^^^^^^^^^
    ...<23 lines>...
    )
    ^
  File "/Library/Frameworks/Python.framework/Versions/3.13/lib/python3.13/site-packages/telegram/_bot.py", line 820, in _send_message
    result = await self._post(
             ^^^^^^^^^^^^^^^^^
    ...<7 lines>...
    )
    ^
  File "/Library/Frameworks/Python.framework/Versions/3.13/lib/python3.13/site-packages/telegram/_bot.py", line 704, in _post
    return await self._do_post(
           ^^^^^^^^^^^^^^^^^^^^
    ...<6 lines>...
    )
    ^
  File "/Library/Frameworks/Python.framework/Versions/3.13/lib/python3.13/site-packages/telegram/ext/_extbot.py", line 370, in _do_post
    return await super()._do_post(
           ^^^^^^^^^^^^^^^^^^^^^^^
    ...<6 lines>...
    )
    ^
  File "/Library/Frameworks/Python.framework/Versions/3.13/lib/python3.13/site-packages/telegram/_bot.py", line 733, in _do_post
    result = await request.post(
             ^^^^^^^^^^^^^^^^^^^
    ...<6 lines>...
    )
    ^
  File "/Library/Frameworks/Python.framework/Versions/3.13/lib/python3.13/site-packages/telegram/request/_baserequest.py", line 198, in post
    result = await self._request_wrapper(
             ^^^^^^^^^^^^^^^^^^^^^^^^^^^^
    ...<7 lines>...
    )
    ^
  File "/Library/Frameworks/Python.framework/Versions/3.13/lib/python3.13/site-packages/telegram/request/_baserequest.py", line 375, in _request_wrapper
    raise exception
telegram.error.BadRequest: Inline keyboard button url 'tel:+79260775974' is invalid: wrong port number specified in the url
2026-05-11 14:31:29,234 | INFO | HTTP Request: POST https://api.telegram.org/bot8738956905:AAEXFFwtZLXljamxHaPP4srUGn4YBcns3O4/getUpdates "HTTP/1.1 200 OK"
2026-05-11 14:31:39,333 | INFO | HTTP Request: POST https://api.telegram.org/bot8738956905:AAEXFFwtZLXljamxHaPP4srUGn4YBcns3O4/getUpdates "HTTP/1.1 200 OK"
2026-05-11 14:31:49,438 | INFO | HTTP Request: POST https://api.telegram.org/bot8738956905:AAEXFFwtZLXljamxHaPP4srUGn4YBcns3O4/getUpdates "HTTP/1.1 200 OK"
2026-05-11 14:31:59,533 | INFO | HTTP Request: POST https://api.telegram.org/bot8738956905:AAEXFFwtZLXljamxHaPP4srUGn4YBcns3O4/getUpdates "HTTP/1.1 200 OK"
2026-05-11 14:32:09,717 | INFO | HTTP Request: POST https://api.telegram.org/bot8738956905:AAEXFFwtZLXljamxHaPP4srUGn4YBcns3O4/getUpdates "HTTP/1.1 200 OK"
2026-05-11 14:32:19,854 | INFO | HTTP Request: POST https://api.telegram.org/bot8738956905:AAEXFFwtZLXljamxHaPP4srUGn4YBcns3O4/getUpdates "HTTP/1.1 200 OK"
2026-05-11 14:32:29,993 | INFO | HTTP Request: POST https://api.telegram.org/bot8738956905:AAEXFFwtZLXljamxHaPP4srUGn4YBcns3O4/getUpdates "HTTP/1.1 200 OK"
2026-05-11 14:32:40,084 | INFO | HTTP Request: POST https://api.telegram.org/bot8738956905:AAEXFFwtZLXljamxHaPP4srUGn4YBcns3O4/getUpdates "HTTP/1.1 200 OK"
2026-05-11 14:32:50,269 | INFO | HTTP Request: POST https://api.telegram.org/bot8738956905:AAEXFFwtZLXljamxHaPP4srUGn4YBcns3O4/getUpdates "HTTP/1.1 200 OK"
2026-05-11 14:33:00,359 | INFO | HTTP Request: POST https://api.telegram.org/bot8738956905:AAEXFFwtZLXljamxHaPP4srUGn4YBcns3O4/getUpdates "HTTP/1.1 200 OK"
2026-05-11 14:33:10,455 | INFO | HTTP Request: POST https://api.telegram.org/bot8738956905:AAEXFFwtZLXljamxHaPP4srUGn4YBcns3O4/getUpdates "HTTP/1.1 200 OK"
2026-05-11 14:33:20,578 | INFO | HTTP Request: POST https://api.telegram.org/bot8738956905:AAEXFFwtZLXljamxHaPP4srUGn4YBcns3O4/getUpdates "HTTP/1.1 200 OK"
2026-05-11 14:33:30,718 | INFO | HTTP Request: POST https://api.telegram.org/bot8738956905:AAEXFFwtZLXljamxHaPP4srUGn4YBcns3O4/getUpdates "HTTP/1.1 200 OK"
2026-05-11 14:33:40,855 | INFO | HTTP Request: POST https://api.telegram.org/bot8738956905:AAEXFFwtZLXljamxHaPP4srUGn4YBcns3O4/getUpdates "HTTP/1.1 200 OK"
2026-05-11 14:33:50,949 | INFO | HTTP Request: POST https://api.telegram.org/bot8738956905:AAEXFFwtZLXljamxHaPP4srUGn4YBcns3O4/getUpdates "HTTP/1.1 200 OK"
2026-05-11 14:34:01,045 | INFO | HTTP Request: POST https://api.telegram.org/bot8738956905:AAEXFFwtZLXljamxHaPP4srUGn4YBcns3O4/getUpdates "HTTP/1.1 200 OK"
2026-05-11 14:34:11,140 | INFO | HTTP Request: POST https://api.telegram.org/bot8738956905:AAEXFFwtZLXljamxHaPP4srUGn4YBcns3O4/getUpdates "HTTP/1.1 200 OK"
2026-05-11 14:34:18,787 | INFO | HTTP Request: POST https://api.telegram.org/bot8738956905:AAEXFFwtZLXljamxHaPP4srUGn4YBcns3O4/getUpdates "HTTP/1.1 200 OK"
2026-05-11 14:34:18,791 | INFO | Application is stopping. This might take a moment.
2026-05-11 14:34:18,792 | INFO | Application.stop() complete
2026-05-11 14:35:52,391 | INFO | Bot started
2026-05-11 14:35:52,937 | INFO | HTTP Request: POST https://api.telegram.org/bot8738956905:AAEXFFwtZLXljamxHaPP4srUGn4YBcns3O4/getMe "HTTP/1.1 200 OK"
2026-05-11 14:35:52,942 | INFO | Database initialized
2026-05-11 14:35:53,033 | INFO | HTTP Request: POST https://api.telegram.org/bot8738956905:AAEXFFwtZLXljamxHaPP4srUGn4YBcns3O4/deleteWebhook "HTTP/1.1 200 OK"
2026-05-11 14:35:53,035 | INFO | Application started
2026-05-11 14:36:03,396 | INFO | HTTP Request: POST https://api.telegram.org/bot8738956905:AAEXFFwtZLXljamxHaPP4srUGn4YBcns3O4/getUpdates "HTTP/1.1 200 OK"
2026-05-11 14:36:06,881 | INFO | HTTP Request: POST https://api.telegram.org/bot8738956905:AAEXFFwtZLXljamxHaPP4srUGn4YBcns3O4/getUpdates "HTTP/1.1 200 OK"
2026-05-11 14:36:07,205 | INFO | HTTP Request: POST https://api.telegram.org/bot8738956905:AAEXFFwtZLXljamxHaPP4srUGn4YBcns3O4/sendMessage "HTTP/1.1 200 OK"
2026-05-11 14:36:10,035 | INFO | HTTP Request: POST https://api.telegram.org/bot8738956905:AAEXFFwtZLXljamxHaPP4srUGn4YBcns3O4/getUpdates "HTTP/1.1 200 OK"
2026-05-11 14:36:10,040 | INFO | Authorized: +79997737273
2026-05-11 14:36:10,178 | INFO | HTTP Request: POST https://api.telegram.org/bot8738956905:AAEXFFwtZLXljamxHaPP4srUGn4YBcns3O4/sendMessage "HTTP/1.1 200 OK"
2026-05-11 14:36:10,293 | INFO | HTTP Request: POST https://api.telegram.org/bot8738956905:AAEXFFwtZLXljamxHaPP4srUGn4YBcns3O4/sendMessage "HTTP/1.1 200 OK"
2026-05-11 14:36:13,330 | INFO | HTTP Request: POST https://api.telegram.org/bot8738956905:AAEXFFwtZLXljamxHaPP4srUGn4YBcns3O4/getUpdates "HTTP/1.1 200 OK"
2026-05-11 14:36:13,453 | INFO | HTTP Request: POST https://api.telegram.org/bot8738956905:AAEXFFwtZLXljamxHaPP4srUGn4YBcns3O4/sendMessage "HTTP/1.1 200 OK"
2026-05-11 14:36:23,467 | INFO | HTTP Request: POST https://api.telegram.org/bot8738956905:AAEXFFwtZLXljamxHaPP4srUGn4YBcns3O4/getUpdates "HTTP/1.1 200 OK"
2026-05-11 14:36:33,605 | INFO | HTTP Request: POST https://api.telegram.org/bot8738956905:AAEXFFwtZLXljamxHaPP4srUGn4YBcns3O4/getUpdates "HTTP/1.1 200 OK"
2026-05-11 14:36:43,702 | INFO | HTTP Request: POST https://api.telegram.org/bot8738956905:AAEXFFwtZLXljamxHaPP4srUGn4YBcns3O4/getUpdates "HTTP/1.1 200 OK"
2026-05-11 14:36:53,880 | INFO | HTTP Request: POST https://api.telegram.org/bot8738956905:AAEXFFwtZLXljamxHaPP4srUGn4YBcns3O4/getUpdates "HTTP/1.1 200 OK"
2026-05-11 14:36:57,625 | INFO | HTTP Request: POST https://api.telegram.org/bot8738956905:AAEXFFwtZLXljamxHaPP4srUGn4YBcns3O4/getUpdates "HTTP/1.1 200 OK"
2026-05-11 14:36:57,983 | INFO | HTTP Request: POST https://api.telegram.org/bot8738956905:AAEXFFwtZLXljamxHaPP4srUGn4YBcns3O4/sendPhoto "HTTP/1.1 200 OK"
2026-05-11 14:37:07,682 | INFO | HTTP Request: POST https://api.telegram.org/bot8738956905:AAEXFFwtZLXljamxHaPP4srUGn4YBcns3O4/getUpdates "HTTP/1.1 200 OK"
2026-05-11 14:37:07,684 | INFO | Application is stopping. This might take a moment.
2026-05-11 14:37:07,684 | INFO | Application.stop() complete
2026-05-11 19:35:39,069 | INFO | Bot started
2026-05-11 19:35:39,506 | INFO | HTTP Request: POST https://api.telegram.org/bot8738956905:AAEXFFwtZLXljamxHaPP4srUGn4YBcns3O4/getMe "HTTP/1.1 200 OK"
2026-05-11 19:35:39,510 | INFO | Database initialized
2026-05-11 19:35:39,620 | INFO | HTTP Request: POST https://api.telegram.org/bot8738956905:AAEXFFwtZLXljamxHaPP4srUGn4YBcns3O4/deleteWebhook "HTTP/1.1 200 OK"
2026-05-11 19:35:39,622 | INFO | Application started
2026-05-11 19:35:49,967 | INFO | HTTP Request: POST https://api.telegram.org/bot8738956905:AAEXFFwtZLXljamxHaPP4srUGn4YBcns3O4/getUpdates "HTTP/1.1 200 OK"
2026-05-11 19:36:00,129 | INFO | HTTP Request: POST https://api.telegram.org/bot8738956905:AAEXFFwtZLXljamxHaPP4srUGn4YBcns3O4/getUpdates "HTTP/1.1 200 OK"
2026-05-11 19:36:10,243 | INFO | HTTP Request: POST https://api.telegram.org/bot8738956905:AAEXFFwtZLXljamxHaPP4srUGn4YBcns3O4/getUpdates "HTTP/1.1 200 OK"
2026-05-11 19:36:11,194 | INFO | HTTP Request: POST https://api.telegram.org/bot8738956905:AAEXFFwtZLXljamxHaPP4srUGn4YBcns3O4/getUpdates "HTTP/1.1 200 OK"
2026-05-11 19:36:11,654 | INFO | HTTP Request: POST https://api.telegram.org/bot8738956905:AAEXFFwtZLXljamxHaPP4srUGn4YBcns3O4/sendMessage "HTTP/1.1 200 OK"
2026-05-11 19:36:21,432 | INFO | HTTP Request: POST https://api.telegram.org/bot8738956905:AAEXFFwtZLXljamxHaPP4srUGn4YBcns3O4/getUpdates "HTTP/1.1 200 OK"
2026-05-11 19:36:23,172 | INFO | HTTP Request: POST https://api.telegram.org/bot8738956905:AAEXFFwtZLXljamxHaPP4srUGn4YBcns3O4/getUpdates "HTTP/1.1 200 OK"
2026-05-11 19:36:23,625 | INFO | HTTP Request: POST https://api.telegram.org/bot8738956905:AAEXFFwtZLXljamxHaPP4srUGn4YBcns3O4/sendMessage "HTTP/1.1 200 OK"
2026-05-11 19:36:33,311 | INFO | HTTP Request: POST https://api.telegram.org/bot8738956905:AAEXFFwtZLXljamxHaPP4srUGn4YBcns3O4/getUpdates "HTTP/1.1 200 OK"
2026-05-11 19:36:43,421 | INFO | HTTP Request: POST https://api.telegram.org/bot8738956905:AAEXFFwtZLXljamxHaPP4srUGn4YBcns3O4/getUpdates "HTTP/1.1 200 OK"
2026-05-11 19:36:46,726 | INFO | HTTP Request: POST https://api.telegram.org/bot8738956905:AAEXFFwtZLXljamxHaPP4srUGn4YBcns3O4/getUpdates "HTTP/1.1 200 OK"
2026-05-11 19:36:46,732 | INFO | Authorized: +79969660809
2026-05-11 19:36:47,134 | INFO | HTTP Request: POST https://api.telegram.org/bot8738956905:AAEXFFwtZLXljamxHaPP4srUGn4YBcns3O4/sendMessage "HTTP/1.1 200 OK"
2026-05-11 19:36:47,291 | INFO | HTTP Request: POST https://api.telegram.org/bot8738956905:AAEXFFwtZLXljamxHaPP4srUGn4YBcns3O4/sendMessage "HTTP/1.1 200 OK"
2026-05-11 19:36:53,524 | INFO | HTTP Request: POST https://api.telegram.org/bot8738956905:AAEXFFwtZLXljamxHaPP4srUGn4YBcns3O4/getUpdates "HTTP/1.1 200 OK"
2026-05-11 19:36:53,928 | INFO | HTTP Request: POST https://api.telegram.org/bot8738956905:AAEXFFwtZLXljamxHaPP4srUGn4YBcns3O4/sendMessage "HTTP/1.1 200 OK"
2026-05-11 19:36:59,882 | INFO | HTTP Request: POST https://api.telegram.org/bot8738956905:AAEXFFwtZLXljamxHaPP4srUGn4YBcns3O4/getUpdates "HTTP/1.1 200 OK"
2026-05-11 19:37:00,256 | INFO | HTTP Request: POST https://api.telegram.org/bot8738956905:AAEXFFwtZLXljamxHaPP4srUGn4YBcns3O4/sendMessage "HTTP/1.1 200 OK"
2026-05-11 19:37:10,073 | INFO | HTTP Request: POST https://api.telegram.org/bot8738956905:AAEXFFwtZLXljamxHaPP4srUGn4YBcns3O4/getUpdates "HTTP/1.1 200 OK"
2026-05-11 19:37:11,301 | INFO | HTTP Request: POST https://api.telegram.org/bot8738956905:AAEXFFwtZLXljamxHaPP4srUGn4YBcns3O4/getUpdates "HTTP/1.1 200 OK"
2026-05-11 19:37:11,733 | INFO | HTTP Request: POST https://api.telegram.org/bot8738956905:AAEXFFwtZLXljamxHaPP4srUGn4YBcns3O4/sendMessage "HTTP/1.1 200 OK"
2026-05-11 19:37:16,114 | INFO | HTTP Request: POST https://api.telegram.org/bot8738956905:AAEXFFwtZLXljamxHaPP4srUGn4YBcns3O4/getUpdates "HTTP/1.1 200 OK"
2026-05-11 19:37:16,309 | INFO | HTTP Request: POST https://api.telegram.org/bot8738956905:AAEXFFwtZLXljamxHaPP4srUGn4YBcns3O4/sendPhoto "HTTP/1.1 200 OK"
2026-05-11 19:37:26,253 | INFO | HTTP Request: POST https://api.telegram.org/bot8738956905:AAEXFFwtZLXljamxHaPP4srUGn4YBcns3O4/getUpdates "HTTP/1.1 200 OK"
2026-05-11 19:37:29,428 | INFO | HTTP Request: POST https://api.telegram.org/bot8738956905:AAEXFFwtZLXljamxHaPP4srUGn4YBcns3O4/getUpdates "HTTP/1.1 200 OK"
2026-05-11 19:37:29,901 | INFO | HTTP Request: POST https://api.telegram.org/bot8738956905:AAEXFFwtZLXljamxHaPP4srUGn4YBcns3O4/sendMessage "HTTP/1.1 200 OK"
2026-05-11 19:37:39,565 | INFO | HTTP Request: POST https://api.telegram.org/bot8738956905:AAEXFFwtZLXljamxHaPP4srUGn4YBcns3O4/getUpdates "HTTP/1.1 200 OK"
2026-05-11 19:37:49,807 | INFO | HTTP Request: POST https://api.telegram.org/bot8738956905:AAEXFFwtZLXljamxHaPP4srUGn4YBcns3O4/getUpdates "HTTP/1.1 200 OK"
2026-05-11 19:37:59,943 | INFO | HTTP Request: POST https://api.telegram.org/bot8738956905:AAEXFFwtZLXljamxHaPP4srUGn4YBcns3O4/getUpdates "HTTP/1.1 200 OK"
2026-05-11 19:38:10,080 | INFO | HTTP Request: POST https://api.telegram.org/bot8738956905:AAEXFFwtZLXljamxHaPP4srUGn4YBcns3O4/getUpdates "HTTP/1.1 200 OK"
2026-05-11 19:38:17,368 | INFO | HTTP Request: POST https://api.telegram.org/bot8738956905:AAEXFFwtZLXljamxHaPP4srUGn4YBcns3O4/getUpdates "HTTP/1.1 200 OK"
2026-05-11 19:38:17,369 | INFO | Application is stopping. This might take a moment.
2026-05-11 19:38:17,370 | INFO | Application.stop() complete
2026-05-14 10:38:45,401 | INFO | Adding job tentatively -- it will be properly scheduled when the scheduler starts
2026-05-14 10:41:23,160 | INFO | Adding job tentatively -- it will be properly scheduled when the scheduler starts
2026-05-14 10:44:48,955 | INFO | Adding job tentatively -- it will be properly scheduled when the scheduler starts
2026-05-14 10:44:48,955 | INFO | Bot started
2026-05-14 10:44:49,402 | INFO | HTTP Request: POST https://api.telegram.org/bot8738956905:AAEXFFwtZLXljamxHaPP4srUGn4YBcns3O4/getMe "HTTP/1.1 200 OK"
2026-05-14 10:44:49,408 | INFO | Database initialized
2026-05-14 10:44:49,521 | INFO | HTTP Request: POST https://api.telegram.org/bot8738956905:AAEXFFwtZLXljamxHaPP4srUGn4YBcns3O4/deleteWebhook "HTTP/1.1 200 OK"
2026-05-14 10:44:49,523 | INFO | Added job "weekly_debt_notification" to job store "default"
2026-05-14 10:44:49,523 | INFO | Scheduler started
2026-05-14 10:44:49,523 | INFO | Application started
2026-05-14 10:44:49,859 | INFO | HTTP Request: POST https://api.telegram.org/bot8738956905:AAEXFFwtZLXljamxHaPP4srUGn4YBcns3O4/getUpdates "HTTP/1.1 200 OK"
2026-05-14 10:44:50,063 | INFO | HTTP Request: POST https://api.telegram.org/bot8738956905:AAEXFFwtZLXljamxHaPP4srUGn4YBcns3O4/sendMessage "HTTP/1.1 200 OK"
2026-05-14 10:44:59,139 | INFO | HTTP Request: POST https://api.telegram.org/bot8738956905:AAEXFFwtZLXljamxHaPP4srUGn4YBcns3O4/getUpdates "HTTP/1.1 200 OK"
2026-05-14 10:44:59,142 | ERROR | No error handlers are registered, logging exception.
Traceback (most recent call last):
  File "/Library/Frameworks/Python.framework/Versions/3.13/lib/python3.13/site-packages/telegram/ext/_application.py", line 1315, in process_update
    await coroutine
  File "/Library/Frameworks/Python.framework/Versions/3.13/lib/python3.13/site-packages/telegram/ext/_handlers/conversationhandler.py", line 841, in handle_update
    new_state: object = await handler.handle_update(
                        ^^^^^^^^^^^^^^^^^^^^^^^^^^^^
        update, application, handler_check_result, context
        ^^^^^^^^^^^^^^^^^^^^^^^^^^^^^^^^^^^^^^^^^^^^^^^^^^
    )
    ^
  File "/Library/Frameworks/Python.framework/Versions/3.13/lib/python3.13/site-packages/telegram/ext/_handlers/basehandler.py", line 159, in handle_update
    return await self.callback(update, context)
           ^^^^^^^^^^^^^^^^^^^^^^^^^^^^^^^^^^^^
  File "/Users/olegvoropaev/Documents/Python/SNTBot/SNTTgBot/bot.py", line 477, in ask_phone
    user = await get_user_by_phone(phone)
           ^^^^^^^^^^^^^^^^^^^^^^^^^^^^^^
  File "/Users/olegvoropaev/Documents/Python/SNTBot/SNTTgBot/bot.py", line 202, in get_user_by_phone
    cursor = await db.execute(
             ^^^^^^^^^^^^^^^^^
    ...<10 lines>...
    )
    ^
  File "/Library/Frameworks/Python.framework/Versions/3.13/lib/python3.13/site-packages/aiosqlite/core.py", line 223, in execute
    cursor = await self._execute(self._conn.execute, sql, parameters)
             ^^^^^^^^^^^^^^^^^^^^^^^^^^^^^^^^^^^^^^^^^^^^^^^^^^^^^^^^
  File "/Library/Frameworks/Python.framework/Versions/3.13/lib/python3.13/site-packages/aiosqlite/core.py", line 160, in _execute
    return await future
           ^^^^^^^^^^^^
  File "/Library/Frameworks/Python.framework/Versions/3.13/lib/python3.13/site-packages/aiosqlite/core.py", line 63, in _connection_worker_thread
    result = function()
sqlite3.OperationalError: no such column: welcomed
2026-05-14 10:45:08,234 | INFO | HTTP Request: POST https://api.telegram.org/bot8738956905:AAEXFFwtZLXljamxHaPP4srUGn4YBcns3O4/getUpdates "HTTP/1.1 200 OK"
2026-05-14 10:45:18,346 | INFO | HTTP Request: POST https://api.telegram.org/bot8738956905:AAEXFFwtZLXljamxHaPP4srUGn4YBcns3O4/getUpdates "HTTP/1.1 200 OK"
2026-05-14 10:45:28,460 | INFO | HTTP Request: POST https://api.telegram.org/bot8738956905:AAEXFFwtZLXljamxHaPP4srUGn4YBcns3O4/getUpdates "HTTP/1.1 200 OK"
2026-05-14 10:45:38,570 | INFO | HTTP Request: POST https://api.telegram.org/bot8738956905:AAEXFFwtZLXljamxHaPP4srUGn4YBcns3O4/getUpdates "HTTP/1.1 200 OK"
2026-05-14 10:45:48,680 | INFO | HTTP Request: POST https://api.telegram.org/bot8738956905:AAEXFFwtZLXljamxHaPP4srUGn4YBcns3O4/getUpdates "HTTP/1.1 200 OK"
2026-05-14 10:45:58,792 | INFO | HTTP Request: POST https://api.telegram.org/bot8738956905:AAEXFFwtZLXljamxHaPP4srUGn4YBcns3O4/getUpdates "HTTP/1.1 200 OK"
2026-05-14 10:46:08,989 | INFO | HTTP Request: POST https://api.telegram.org/bot8738956905:AAEXFFwtZLXljamxHaPP4srUGn4YBcns3O4/getUpdates "HTTP/1.1 200 OK"
2026-05-14 10:46:19,101 | INFO | HTTP Request: POST https://api.telegram.org/bot8738956905:AAEXFFwtZLXljamxHaPP4srUGn4YBcns3O4/getUpdates "HTTP/1.1 200 OK"
2026-05-14 10:46:29,265 | INFO | HTTP Request: POST https://api.telegram.org/bot8738956905:AAEXFFwtZLXljamxHaPP4srUGn4YBcns3O4/getUpdates "HTTP/1.1 200 OK"
2026-05-14 10:46:39,403 | INFO | HTTP Request: POST https://api.telegram.org/bot8738956905:AAEXFFwtZLXljamxHaPP4srUGn4YBcns3O4/getUpdates "HTTP/1.1 200 OK"
2026-05-14 10:46:49,514 | INFO | HTTP Request: POST https://api.telegram.org/bot8738956905:AAEXFFwtZLXljamxHaPP4srUGn4YBcns3O4/getUpdates "HTTP/1.1 200 OK"
2026-05-14 10:46:59,678 | INFO | HTTP Request: POST https://api.telegram.org/bot8738956905:AAEXFFwtZLXljamxHaPP4srUGn4YBcns3O4/getUpdates "HTTP/1.1 200 OK"
2026-05-14 10:47:09,817 | INFO | HTTP Request: POST https://api.telegram.org/bot8738956905:AAEXFFwtZLXljamxHaPP4srUGn4YBcns3O4/getUpdates "HTTP/1.1 200 OK"
2026-05-14 10:47:10,376 | ERROR | No error handlers are registered, logging exception.
Traceback (most recent call last):
  File "/Library/Frameworks/Python.framework/Versions/3.13/lib/python3.13/site-packages/httpx/_transports/default.py", line 101, in map_httpcore_exceptions
    yield
  File "/Library/Frameworks/Python.framework/Versions/3.13/lib/python3.13/site-packages/httpx/_transports/default.py", line 394, in handle_async_request
    resp = await self._pool.handle_async_request(req)
           ^^^^^^^^^^^^^^^^^^^^^^^^^^^^^^^^^^^^^^^^^^
  File "/Library/Frameworks/Python.framework/Versions/3.13/lib/python3.13/site-packages/httpcore/_async/connection_pool.py", line 256, in handle_async_request
    raise exc from None
  File "/Library/Frameworks/Python.framework/Versions/3.13/lib/python3.13/site-packages/httpcore/_async/connection_pool.py", line 236, in handle_async_request
    response = await connection.handle_async_request(
               ^^^^^^^^^^^^^^^^^^^^^^^^^^^^^^^^^^^^^^
        pool_request.request
        ^^^^^^^^^^^^^^^^^^^^
    )
    ^
  File "/Library/Frameworks/Python.framework/Versions/3.13/lib/python3.13/site-packages/httpcore/_async/connection.py", line 103, in handle_async_request
    return await self._connection.handle_async_request(request)
           ^^^^^^^^^^^^^^^^^^^^^^^^^^^^^^^^^^^^^^^^^^^^^^^^^^^^
  File "/Library/Frameworks/Python.framework/Versions/3.13/lib/python3.13/site-packages/httpcore/_async/http11.py", line 136, in handle_async_request
    raise exc
  File "/Library/Frameworks/Python.framework/Versions/3.13/lib/python3.13/site-packages/httpcore/_async/http11.py", line 106, in handle_async_request
    ) = await self._receive_response_headers(**kwargs)
        ^^^^^^^^^^^^^^^^^^^^^^^^^^^^^^^^^^^^^^^^^^^^^^
  File "/Library/Frameworks/Python.framework/Versions/3.13/lib/python3.13/site-packages/httpcore/_async/http11.py", line 177, in _receive_response_headers
    event = await self._receive_event(timeout=timeout)
            ^^^^^^^^^^^^^^^^^^^^^^^^^^^^^^^^^^^^^^^^^^
  File "/Library/Frameworks/Python.framework/Versions/3.13/lib/python3.13/site-packages/httpcore/_async/http11.py", line 217, in _receive_event
    data = await self._network_stream.read(
           ^^^^^^^^^^^^^^^^^^^^^^^^^^^^^^^^
        self.READ_NUM_BYTES, timeout=timeout
        ^^^^^^^^^^^^^^^^^^^^^^^^^^^^^^^^^^^^
    )
    ^
  File "/Library/Frameworks/Python.framework/Versions/3.13/lib/python3.13/site-packages/httpcore/_backends/anyio.py", line 32, in read
    with map_exceptions(exc_map):
         ~~~~~~~~~~~~~~^^^^^^^^^
  File "/Library/Frameworks/Python.framework/Versions/3.13/lib/python3.13/contextlib.py", line 162, in __exit__
    self.gen.throw(value)
    ~~~~~~~~~~~~~~^^^^^^^
  File "/Library/Frameworks/Python.framework/Versions/3.13/lib/python3.13/site-packages/httpcore/_exceptions.py", line 14, in map_exceptions
    raise to_exc(exc) from exc
httpcore.ReadError

The above exception was the direct cause of the following exception:

Traceback (most recent call last):
  File "/Library/Frameworks/Python.framework/Versions/3.13/lib/python3.13/site-packages/telegram/request/_httpxrequest.py", line 279, in do_request
    res = await self._client.request(
          ^^^^^^^^^^^^^^^^^^^^^^^^^^^
    ...<6 lines>...
    )
    ^
  File "/Library/Frameworks/Python.framework/Versions/3.13/lib/python3.13/site-packages/httpx/_client.py", line 1540, in request
    return await self.send(request, auth=auth, follow_redirects=follow_redirects)
           ^^^^^^^^^^^^^^^^^^^^^^^^^^^^^^^^^^^^^^^^^^^^^^^^^^^^^^^^^^^^^^^^^^^^^^
  File "/Library/Frameworks/Python.framework/Versions/3.13/lib/python3.13/site-packages/httpx/_client.py", line 1629, in send
    response = await self._send_handling_auth(
               ^^^^^^^^^^^^^^^^^^^^^^^^^^^^^^^
    ...<4 lines>...
    )
    ^
  File "/Library/Frameworks/Python.framework/Versions/3.13/lib/python3.13/site-packages/httpx/_client.py", line 1657, in _send_handling_auth
    response = await self._send_handling_redirects(
               ^^^^^^^^^^^^^^^^^^^^^^^^^^^^^^^^^^^^
    ...<3 lines>...
    )
    ^
  File "/Library/Frameworks/Python.framework/Versions/3.13/lib/python3.13/site-packages/httpx/_client.py", line 1694, in _send_handling_redirects
    response = await self._send_single_request(request)
               ^^^^^^^^^^^^^^^^^^^^^^^^^^^^^^^^^^^^^^^^
  File "/Library/Frameworks/Python.framework/Versions/3.13/lib/python3.13/site-packages/httpx/_client.py", line 1730, in _send_single_request
    response = await transport.handle_async_request(request)
               ^^^^^^^^^^^^^^^^^^^^^^^^^^^^^^^^^^^^^^^^^^^^^
  File "/Library/Frameworks/Python.framework/Versions/3.13/lib/python3.13/site-packages/httpx/_transports/default.py", line 393, in handle_async_request
    with map_httpcore_exceptions():
         ~~~~~~~~~~~~~~~~~~~~~~~^^
  File "/Library/Frameworks/Python.framework/Versions/3.13/lib/python3.13/contextlib.py", line 162, in __exit__
    self.gen.throw(value)
    ~~~~~~~~~~~~~~^^^^^^^
  File "/Library/Frameworks/Python.framework/Versions/3.13/lib/python3.13/site-packages/httpx/_transports/default.py", line 118, in map_httpcore_exceptions
    raise mapped_exc(message) from exc
httpx.ReadError

The above exception was the direct cause of the following exception:

Traceback (most recent call last):
  File "/Library/Frameworks/Python.framework/Versions/3.13/lib/python3.13/site-packages/telegram/ext/_utils/networkloop.py", line 161, in network_retry_loop
    await do_action()
  File "/Library/Frameworks/Python.framework/Versions/3.13/lib/python3.13/site-packages/telegram/ext/_utils/networkloop.py", line 154, in do_action
    action_cb_task.result()
    ~~~~~~~~~~~~~~~~~~~~~^^
  File "/Library/Frameworks/Python.framework/Versions/3.13/lib/python3.13/site-packages/telegram/ext/_updater.py", line 340, in polling_action_cb
    updates = await self.bot.get_updates(
              ^^^^^^^^^^^^^^^^^^^^^^^^^^^
    ...<3 lines>...
    )
    ^
  File "/Library/Frameworks/Python.framework/Versions/3.13/lib/python3.13/site-packages/telegram/ext/_extbot.py", line 672, in get_updates
    updates = await super().get_updates(
              ^^^^^^^^^^^^^^^^^^^^^^^^^^
    ...<9 lines>...
    )
    ^
  File "/Library/Frameworks/Python.framework/Versions/3.13/lib/python3.13/site-packages/telegram/_bot.py", line 4865, in get_updates
    await self._post(
    ^^^^^^^^^^^^^^^^^
    ...<7 lines>...
    ),
    ^
  File "/Library/Frameworks/Python.framework/Versions/3.13/lib/python3.13/site-packages/telegram/_bot.py", line 704, in _post
    return await self._do_post(
           ^^^^^^^^^^^^^^^^^^^^
    ...<6 lines>...
    )
    ^
  File "/Library/Frameworks/Python.framework/Versions/3.13/lib/python3.13/site-packages/telegram/ext/_extbot.py", line 370, in _do_post
    return await super()._do_post(
           ^^^^^^^^^^^^^^^^^^^^^^^
    ...<6 lines>...
    )
    ^
  File "/Library/Frameworks/Python.framework/Versions/3.13/lib/python3.13/site-packages/telegram/_bot.py", line 733, in _do_post
    result = await request.post(
             ^^^^^^^^^^^^^^^^^^^
    ...<6 lines>...
    )
    ^
  File "/Library/Frameworks/Python.framework/Versions/3.13/lib/python3.13/site-packages/telegram/request/_baserequest.py", line 198, in post
    result = await self._request_wrapper(
             ^^^^^^^^^^^^^^^^^^^^^^^^^^^^
    ...<7 lines>...
    )
    ^
  File "/Library/Frameworks/Python.framework/Versions/3.13/lib/python3.13/site-packages/telegram/request/_baserequest.py", line 305, in _request_wrapper
    code, payload = await self.do_request(
                    ^^^^^^^^^^^^^^^^^^^^^^
    ...<7 lines>...
    )
    ^
  File "/Library/Frameworks/Python.framework/Versions/3.13/lib/python3.13/site-packages/telegram/request/_httpxrequest.py", line 303, in do_request
    raise NetworkError(f"httpx.{err.__class__.__name__}: {err}") from err
telegram.error.NetworkError: httpx.ReadError: 
2026-05-14 10:47:21,708 | INFO | HTTP Request: POST https://api.telegram.org/bot8738956905:AAEXFFwtZLXljamxHaPP4srUGn4YBcns3O4/getUpdates "HTTP/1.1 200 OK"
2026-05-14 10:47:31,786 | INFO | HTTP Request: POST https://api.telegram.org/bot8738956905:AAEXFFwtZLXljamxHaPP4srUGn4YBcns3O4/getUpdates "HTTP/1.1 200 OK"
2026-05-14 10:47:41,909 | INFO | HTTP Request: POST https://api.telegram.org/bot8738956905:AAEXFFwtZLXljamxHaPP4srUGn4YBcns3O4/getUpdates "HTTP/1.1 200 OK"
2026-05-14 10:47:52,007 | INFO | HTTP Request: POST https://api.telegram.org/bot8738956905:AAEXFFwtZLXljamxHaPP4srUGn4YBcns3O4/getUpdates "HTTP/1.1 200 OK"
2026-05-14 10:48:02,145 | INFO | HTTP Request: POST https://api.telegram.org/bot8738956905:AAEXFFwtZLXljamxHaPP4srUGn4YBcns3O4/getUpdates "HTTP/1.1 200 OK"
2026-05-14 10:48:12,283 | INFO | HTTP Request: POST https://api.telegram.org/bot8738956905:AAEXFFwtZLXljamxHaPP4srUGn4YBcns3O4/getUpdates "HTTP/1.1 200 OK"
2026-05-14 10:48:22,412 | INFO | HTTP Request: POST https://api.telegram.org/bot8738956905:AAEXFFwtZLXljamxHaPP4srUGn4YBcns3O4/getUpdates "HTTP/1.1 200 OK"
2026-05-14 10:48:32,488 | INFO | HTTP Request: POST https://api.telegram.org/bot8738956905:AAEXFFwtZLXljamxHaPP4srUGn4YBcns3O4/getUpdates "HTTP/1.1 200 OK"
2026-05-14 10:48:38,387 | ERROR | No error handlers are registered, logging exception.
Traceback (most recent call last):
  File "/Library/Frameworks/Python.framework/Versions/3.13/lib/python3.13/site-packages/httpx/_transports/default.py", line 101, in map_httpcore_exceptions
    yield
  File "/Library/Frameworks/Python.framework/Versions/3.13/lib/python3.13/site-packages/httpx/_transports/default.py", line 394, in handle_async_request
    resp = await self._pool.handle_async_request(req)
           ^^^^^^^^^^^^^^^^^^^^^^^^^^^^^^^^^^^^^^^^^^
  File "/Library/Frameworks/Python.framework/Versions/3.13/lib/python3.13/site-packages/httpcore/_async/connection_pool.py", line 256, in handle_async_request
    raise exc from None
  File "/Library/Frameworks/Python.framework/Versions/3.13/lib/python3.13/site-packages/httpcore/_async/connection_pool.py", line 236, in handle_async_request
    response = await connection.handle_async_request(
               ^^^^^^^^^^^^^^^^^^^^^^^^^^^^^^^^^^^^^^
        pool_request.request
        ^^^^^^^^^^^^^^^^^^^^
    )
    ^
  File "/Library/Frameworks/Python.framework/Versions/3.13/lib/python3.13/site-packages/httpcore/_async/connection.py", line 103, in handle_async_request
    return await self._connection.handle_async_request(request)
           ^^^^^^^^^^^^^^^^^^^^^^^^^^^^^^^^^^^^^^^^^^^^^^^^^^^^
  File "/Library/Frameworks/Python.framework/Versions/3.13/lib/python3.13/site-packages/httpcore/_async/http11.py", line 136, in handle_async_request
    raise exc
  File "/Library/Frameworks/Python.framework/Versions/3.13/lib/python3.13/site-packages/httpcore/_async/http11.py", line 106, in handle_async_request
    ) = await self._receive_response_headers(**kwargs)
        ^^^^^^^^^^^^^^^^^^^^^^^^^^^^^^^^^^^^^^^^^^^^^^
  File "/Library/Frameworks/Python.framework/Versions/3.13/lib/python3.13/site-packages/httpcore/_async/http11.py", line 177, in _receive_response_headers
    event = await self._receive_event(timeout=timeout)
            ^^^^^^^^^^^^^^^^^^^^^^^^^^^^^^^^^^^^^^^^^^
  File "/Library/Frameworks/Python.framework/Versions/3.13/lib/python3.13/site-packages/httpcore/_async/http11.py", line 217, in _receive_event
    data = await self._network_stream.read(
           ^^^^^^^^^^^^^^^^^^^^^^^^^^^^^^^^
        self.READ_NUM_BYTES, timeout=timeout
        ^^^^^^^^^^^^^^^^^^^^^^^^^^^^^^^^^^^^
    )
    ^
  File "/Library/Frameworks/Python.framework/Versions/3.13/lib/python3.13/site-packages/httpcore/_backends/anyio.py", line 32, in read
    with map_exceptions(exc_map):
         ~~~~~~~~~~~~~~^^^^^^^^^
  File "/Library/Frameworks/Python.framework/Versions/3.13/lib/python3.13/contextlib.py", line 162, in __exit__
    self.gen.throw(value)
    ~~~~~~~~~~~~~~^^^^^^^
  File "/Library/Frameworks/Python.framework/Versions/3.13/lib/python3.13/site-packages/httpcore/_exceptions.py", line 14, in map_exceptions
    raise to_exc(exc) from exc
httpcore.ReadError

The above exception was the direct cause of the following exception:

Traceback (most recent call last):
  File "/Library/Frameworks/Python.framework/Versions/3.13/lib/python3.13/site-packages/telegram/request/_httpxrequest.py", line 279, in do_request
    res = await self._client.request(
          ^^^^^^^^^^^^^^^^^^^^^^^^^^^
    ...<6 lines>...
    )
    ^
  File "/Library/Frameworks/Python.framework/Versions/3.13/lib/python3.13/site-packages/httpx/_client.py", line 1540, in request
    return await self.send(request, auth=auth, follow_redirects=follow_redirects)
           ^^^^^^^^^^^^^^^^^^^^^^^^^^^^^^^^^^^^^^^^^^^^^^^^^^^^^^^^^^^^^^^^^^^^^^
  File "/Library/Frameworks/Python.framework/Versions/3.13/lib/python3.13/site-packages/httpx/_client.py", line 1629, in send
    response = await self._send_handling_auth(
               ^^^^^^^^^^^^^^^^^^^^^^^^^^^^^^^
    ...<4 lines>...
    )
    ^
  File "/Library/Frameworks/Python.framework/Versions/3.13/lib/python3.13/site-packages/httpx/_client.py", line 1657, in _send_handling_auth
    response = await self._send_handling_redirects(
               ^^^^^^^^^^^^^^^^^^^^^^^^^^^^^^^^^^^^
    ...<3 lines>...
    )
    ^
  File "/Library/Frameworks/Python.framework/Versions/3.13/lib/python3.13/site-packages/httpx/_client.py", line 1694, in _send_handling_redirects
    response = await self._send_single_request(request)
               ^^^^^^^^^^^^^^^^^^^^^^^^^^^^^^^^^^^^^^^^
  File "/Library/Frameworks/Python.framework/Versions/3.13/lib/python3.13/site-packages/httpx/_client.py", line 1730, in _send_single_request
    response = await transport.handle_async_request(request)
               ^^^^^^^^^^^^^^^^^^^^^^^^^^^^^^^^^^^^^^^^^^^^^
  File "/Library/Frameworks/Python.framework/Versions/3.13/lib/python3.13/site-packages/httpx/_transports/default.py", line 393, in handle_async_request
    with map_httpcore_exceptions():
         ~~~~~~~~~~~~~~~~~~~~~~~^^
  File "/Library/Frameworks/Python.framework/Versions/3.13/lib/python3.13/contextlib.py", line 162, in __exit__
    self.gen.throw(value)
    ~~~~~~~~~~~~~~^^^^^^^
  File "/Library/Frameworks/Python.framework/Versions/3.13/lib/python3.13/site-packages/httpx/_transports/default.py", line 118, in map_httpcore_exceptions
    raise mapped_exc(message) from exc
httpx.ReadError

The above exception was the direct cause of the following exception:

Traceback (most recent call last):
  File "/Library/Frameworks/Python.framework/Versions/3.13/lib/python3.13/site-packages/telegram/ext/_utils/networkloop.py", line 161, in network_retry_loop
    await do_action()
  File "/Library/Frameworks/Python.framework/Versions/3.13/lib/python3.13/site-packages/telegram/ext/_utils/networkloop.py", line 154, in do_action
    action_cb_task.result()
    ~~~~~~~~~~~~~~~~~~~~~^^
  File "/Library/Frameworks/Python.framework/Versions/3.13/lib/python3.13/site-packages/telegram/ext/_updater.py", line 340, in polling_action_cb
    updates = await self.bot.get_updates(
              ^^^^^^^^^^^^^^^^^^^^^^^^^^^
    ...<3 lines>...
    )
    ^
  File "/Library/Frameworks/Python.framework/Versions/3.13/lib/python3.13/site-packages/telegram/ext/_extbot.py", line 672, in get_updates
    updates = await super().get_updates(
              ^^^^^^^^^^^^^^^^^^^^^^^^^^
    ...<9 lines>...
    )
    ^
  File "/Library/Frameworks/Python.framework/Versions/3.13/lib/python3.13/site-packages/telegram/_bot.py", line 4865, in get_updates
    await self._post(
    ^^^^^^^^^^^^^^^^^
    ...<7 lines>...
    ),
    ^
  File "/Library/Frameworks/Python.framework/Versions/3.13/lib/python3.13/site-packages/telegram/_bot.py", line 704, in _post
    return await self._do_post(
           ^^^^^^^^^^^^^^^^^^^^
    ...<6 lines>...
    )
    ^
  File "/Library/Frameworks/Python.framework/Versions/3.13/lib/python3.13/site-packages/telegram/ext/_extbot.py", line 370, in _do_post
    return await super()._do_post(
           ^^^^^^^^^^^^^^^^^^^^^^^
    ...<6 lines>...
    )
    ^
  File "/Library/Frameworks/Python.framework/Versions/3.13/lib/python3.13/site-packages/telegram/_bot.py", line 733, in _do_post
    result = await request.post(
             ^^^^^^^^^^^^^^^^^^^
    ...<6 lines>...
    )
    ^
  File "/Library/Frameworks/Python.framework/Versions/3.13/lib/python3.13/site-packages/telegram/request/_baserequest.py", line 198, in post
    result = await self._request_wrapper(
             ^^^^^^^^^^^^^^^^^^^^^^^^^^^^
    ...<7 lines>...
    )
    ^
  File "/Library/Frameworks/Python.framework/Versions/3.13/lib/python3.13/site-packages/telegram/request/_baserequest.py", line 305, in _request_wrapper
    code, payload = await self.do_request(
                    ^^^^^^^^^^^^^^^^^^^^^^
    ...<7 lines>...
    )
    ^
  File "/Library/Frameworks/Python.framework/Versions/3.13/lib/python3.13/site-packages/telegram/request/_httpxrequest.py", line 303, in do_request
    raise NetworkError(f"httpx.{err.__class__.__name__}: {err}") from err
telegram.error.NetworkError: httpx.ReadError: 
2026-05-14 10:48:50,345 | INFO | HTTP Request: POST https://api.telegram.org/bot8738956905:AAEXFFwtZLXljamxHaPP4srUGn4YBcns3O4/getUpdates "HTTP/1.1 200 OK"
2026-05-14 10:49:00,622 | INFO | HTTP Request: POST https://api.telegram.org/bot8738956905:AAEXFFwtZLXljamxHaPP4srUGn4YBcns3O4/getUpdates "HTTP/1.1 200 OK"
2026-05-14 10:49:10,883 | INFO | HTTP Request: POST https://api.telegram.org/bot8738956905:AAEXFFwtZLXljamxHaPP4srUGn4YBcns3O4/getUpdates "HTTP/1.1 200 OK"
2026-05-14 10:49:15,579 | ERROR | No error handlers are registered, logging exception.
Traceback (most recent call last):
  File "/Library/Frameworks/Python.framework/Versions/3.13/lib/python3.13/site-packages/httpx/_transports/default.py", line 101, in map_httpcore_exceptions
    yield
  File "/Library/Frameworks/Python.framework/Versions/3.13/lib/python3.13/site-packages/httpx/_transports/default.py", line 394, in handle_async_request
    resp = await self._pool.handle_async_request(req)
           ^^^^^^^^^^^^^^^^^^^^^^^^^^^^^^^^^^^^^^^^^^
  File "/Library/Frameworks/Python.framework/Versions/3.13/lib/python3.13/site-packages/httpcore/_async/connection_pool.py", line 256, in handle_async_request
    raise exc from None
  File "/Library/Frameworks/Python.framework/Versions/3.13/lib/python3.13/site-packages/httpcore/_async/connection_pool.py", line 236, in handle_async_request
    response = await connection.handle_async_request(
               ^^^^^^^^^^^^^^^^^^^^^^^^^^^^^^^^^^^^^^
        pool_request.request
        ^^^^^^^^^^^^^^^^^^^^
    )
    ^
  File "/Library/Frameworks/Python.framework/Versions/3.13/lib/python3.13/site-packages/httpcore/_async/connection.py", line 103, in handle_async_request
    return await self._connection.handle_async_request(request)
           ^^^^^^^^^^^^^^^^^^^^^^^^^^^^^^^^^^^^^^^^^^^^^^^^^^^^
  File "/Library/Frameworks/Python.framework/Versions/3.13/lib/python3.13/site-packages/httpcore/_async/http11.py", line 136, in handle_async_request
    raise exc
  File "/Library/Frameworks/Python.framework/Versions/3.13/lib/python3.13/site-packages/httpcore/_async/http11.py", line 106, in handle_async_request
    ) = await self._receive_response_headers(**kwargs)
        ^^^^^^^^^^^^^^^^^^^^^^^^^^^^^^^^^^^^^^^^^^^^^^
  File "/Library/Frameworks/Python.framework/Versions/3.13/lib/python3.13/site-packages/httpcore/_async/http11.py", line 177, in _receive_response_headers
    event = await self._receive_event(timeout=timeout)
            ^^^^^^^^^^^^^^^^^^^^^^^^^^^^^^^^^^^^^^^^^^
  File "/Library/Frameworks/Python.framework/Versions/3.13/lib/python3.13/site-packages/httpcore/_async/http11.py", line 217, in _receive_event
    data = await self._network_stream.read(
           ^^^^^^^^^^^^^^^^^^^^^^^^^^^^^^^^
        self.READ_NUM_BYTES, timeout=timeout
        ^^^^^^^^^^^^^^^^^^^^^^^^^^^^^^^^^^^^
    )
    ^
  File "/Library/Frameworks/Python.framework/Versions/3.13/lib/python3.13/site-packages/httpcore/_backends/anyio.py", line 32, in read
    with map_exceptions(exc_map):
         ~~~~~~~~~~~~~~^^^^^^^^^
  File "/Library/Frameworks/Python.framework/Versions/3.13/lib/python3.13/contextlib.py", line 162, in __exit__
    self.gen.throw(value)
    ~~~~~~~~~~~~~~^^^^^^^
  File "/Library/Frameworks/Python.framework/Versions/3.13/lib/python3.13/site-packages/httpcore/_exceptions.py", line 14, in map_exceptions
    raise to_exc(exc) from exc
httpcore.ReadError

The above exception was the direct cause of the following exception:

Traceback (most recent call last):
  File "/Library/Frameworks/Python.framework/Versions/3.13/lib/python3.13/site-packages/telegram/request/_httpxrequest.py", line 279, in do_request
    res = await self._client.request(
          ^^^^^^^^^^^^^^^^^^^^^^^^^^^
    ...<6 lines>...
    )
    ^
  File "/Library/Frameworks/Python.framework/Versions/3.13/lib/python3.13/site-packages/httpx/_client.py", line 1540, in request
    return await self.send(request, auth=auth, follow_redirects=follow_redirects)
           ^^^^^^^^^^^^^^^^^^^^^^^^^^^^^^^^^^^^^^^^^^^^^^^^^^^^^^^^^^^^^^^^^^^^^^
  File "/Library/Frameworks/Python.framework/Versions/3.13/lib/python3.13/site-packages/httpx/_client.py", line 1629, in send
    response = await self._send_handling_auth(
               ^^^^^^^^^^^^^^^^^^^^^^^^^^^^^^^
    ...<4 lines>...
    )
    ^
  File "/Library/Frameworks/Python.framework/Versions/3.13/lib/python3.13/site-packages/httpx/_client.py", line 1657, in _send_handling_auth
    response = await self._send_handling_redirects(
               ^^^^^^^^^^^^^^^^^^^^^^^^^^^^^^^^^^^^
    ...<3 lines>...
    )
    ^
  File "/Library/Frameworks/Python.framework/Versions/3.13/lib/python3.13/site-packages/httpx/_client.py", line 1694, in _send_handling_redirects
    response = await self._send_single_request(request)
               ^^^^^^^^^^^^^^^^^^^^^^^^^^^^^^^^^^^^^^^^
  File "/Library/Frameworks/Python.framework/Versions/3.13/lib/python3.13/site-packages/httpx/_client.py", line 1730, in _send_single_request
    response = await transport.handle_async_request(request)
               ^^^^^^^^^^^^^^^^^^^^^^^^^^^^^^^^^^^^^^^^^^^^^
  File "/Library/Frameworks/Python.framework/Versions/3.13/lib/python3.13/site-packages/httpx/_transports/default.py", line 393, in handle_async_request
    with map_httpcore_exceptions():
         ~~~~~~~~~~~~~~~~~~~~~~~^^
  File "/Library/Frameworks/Python.framework/Versions/3.13/lib/python3.13/contextlib.py", line 162, in __exit__
    self.gen.throw(value)
    ~~~~~~~~~~~~~~^^^^^^^
  File "/Library/Frameworks/Python.framework/Versions/3.13/lib/python3.13/site-packages/httpx/_transports/default.py", line 118, in map_httpcore_exceptions
    raise mapped_exc(message) from exc
httpx.ReadError

The above exception was the direct cause of the following exception:

Traceback (most recent call last):
  File "/Library/Frameworks/Python.framework/Versions/3.13/lib/python3.13/site-packages/telegram/ext/_utils/networkloop.py", line 161, in network_retry_loop
    await do_action()
  File "/Library/Frameworks/Python.framework/Versions/3.13/lib/python3.13/site-packages/telegram/ext/_utils/networkloop.py", line 154, in do_action
    action_cb_task.result()
    ~~~~~~~~~~~~~~~~~~~~~^^
  File "/Library/Frameworks/Python.framework/Versions/3.13/lib/python3.13/site-packages/telegram/ext/_updater.py", line 340, in polling_action_cb
    updates = await self.bot.get_updates(
              ^^^^^^^^^^^^^^^^^^^^^^^^^^^
    ...<3 lines>...
    )
    ^
  File "/Library/Frameworks/Python.framework/Versions/3.13/lib/python3.13/site-packages/telegram/ext/_extbot.py", line 672, in get_updates
    updates = await super().get_updates(
              ^^^^^^^^^^^^^^^^^^^^^^^^^^
    ...<9 lines>...
    )
    ^
  File "/Library/Frameworks/Python.framework/Versions/3.13/lib/python3.13/site-packages/telegram/_bot.py", line 4865, in get_updates
    await self._post(
    ^^^^^^^^^^^^^^^^^
    ...<7 lines>...
    ),
    ^
  File "/Library/Frameworks/Python.framework/Versions/3.13/lib/python3.13/site-packages/telegram/_bot.py", line 704, in _post
    return await self._do_post(
           ^^^^^^^^^^^^^^^^^^^^
    ...<6 lines>...
    )
    ^
  File "/Library/Frameworks/Python.framework/Versions/3.13/lib/python3.13/site-packages/telegram/ext/_extbot.py", line 370, in _do_post
    return await super()._do_post(
           ^^^^^^^^^^^^^^^^^^^^^^^
    ...<6 lines>...
    )
    ^
  File "/Library/Frameworks/Python.framework/Versions/3.13/lib/python3.13/site-packages/telegram/_bot.py", line 733, in _do_post
    result = await request.post(
             ^^^^^^^^^^^^^^^^^^^
    ...<6 lines>...
    )
    ^
  File "/Library/Frameworks/Python.framework/Versions/3.13/lib/python3.13/site-packages/telegram/request/_baserequest.py", line 198, in post
    result = await self._request_wrapper(
             ^^^^^^^^^^^^^^^^^^^^^^^^^^^^
    ...<7 lines>...
    )
    ^
  File "/Library/Frameworks/Python.framework/Versions/3.13/lib/python3.13/site-packages/telegram/request/_baserequest.py", line 305, in _request_wrapper
    code, payload = await self.do_request(
                    ^^^^^^^^^^^^^^^^^^^^^^
    ...<7 lines>...
    )
    ^
  File "/Library/Frameworks/Python.framework/Versions/3.13/lib/python3.13/site-packages/telegram/request/_httpxrequest.py", line 303, in do_request
    raise NetworkError(f"httpx.{err.__class__.__name__}: {err}") from err
telegram.error.NetworkError: httpx.ReadError: 
2026-05-14 10:49:26,833 | INFO | HTTP Request: POST https://api.telegram.org/bot8738956905:AAEXFFwtZLXljamxHaPP4srUGn4YBcns3O4/getUpdates "HTTP/1.1 200 OK"
2026-05-14 10:49:36,970 | INFO | HTTP Request: POST https://api.telegram.org/bot8738956905:AAEXFFwtZLXljamxHaPP4srUGn4YBcns3O4/getUpdates "HTTP/1.1 200 OK"
2026-05-14 10:49:47,108 | INFO | HTTP Request: POST https://api.telegram.org/bot8738956905:AAEXFFwtZLXljamxHaPP4srUGn4YBcns3O4/getUpdates "HTTP/1.1 200 OK"
2026-05-14 10:49:57,245 | INFO | HTTP Request: POST https://api.telegram.org/bot8738956905:AAEXFFwtZLXljamxHaPP4srUGn4YBcns3O4/getUpdates "HTTP/1.1 200 OK"
2026-05-14 10:50:07,325 | INFO | HTTP Request: POST https://api.telegram.org/bot8738956905:AAEXFFwtZLXljamxHaPP4srUGn4YBcns3O4/getUpdates "HTTP/1.1 200 OK"
2026-05-14 10:50:17,525 | INFO | HTTP Request: POST https://api.telegram.org/bot8738956905:AAEXFFwtZLXljamxHaPP4srUGn4YBcns3O4/getUpdates "HTTP/1.1 200 OK"
2026-05-14 10:50:27,660 | INFO | HTTP Request: POST https://api.telegram.org/bot8738956905:AAEXFFwtZLXljamxHaPP4srUGn4YBcns3O4/getUpdates "HTTP/1.1 200 OK"
2026-05-14 10:50:37,743 | INFO | HTTP Request: POST https://api.telegram.org/bot8738956905:AAEXFFwtZLXljamxHaPP4srUGn4YBcns3O4/getUpdates "HTTP/1.1 200 OK"
2026-05-14 10:50:47,824 | INFO | HTTP Request: POST https://api.telegram.org/bot8738956905:AAEXFFwtZLXljamxHaPP4srUGn4YBcns3O4/getUpdates "HTTP/1.1 200 OK"
2026-05-14 10:50:57,971 | INFO | HTTP Request: POST https://api.telegram.org/bot8738956905:AAEXFFwtZLXljamxHaPP4srUGn4YBcns3O4/getUpdates "HTTP/1.1 200 OK"
2026-05-14 10:51:08,107 | INFO | HTTP Request: POST https://api.telegram.org/bot8738956905:AAEXFFwtZLXljamxHaPP4srUGn4YBcns3O4/getUpdates "HTTP/1.1 200 OK"
2026-05-14 10:51:18,187 | INFO | HTTP Request: POST https://api.telegram.org/bot8738956905:AAEXFFwtZLXljamxHaPP4srUGn4YBcns3O4/getUpdates "HTTP/1.1 200 OK"
2026-05-14 10:51:28,270 | INFO | HTTP Request: POST https://api.telegram.org/bot8738956905:AAEXFFwtZLXljamxHaPP4srUGn4YBcns3O4/getUpdates "HTTP/1.1 200 OK"
2026-05-14 10:51:31,228 | ERROR | No error handlers are registered, logging exception.
Traceback (most recent call last):
  File "/Library/Frameworks/Python.framework/Versions/3.13/lib/python3.13/site-packages/httpx/_transports/default.py", line 101, in map_httpcore_exceptions
    yield
  File "/Library/Frameworks/Python.framework/Versions/3.13/lib/python3.13/site-packages/httpx/_transports/default.py", line 394, in handle_async_request
    resp = await self._pool.handle_async_request(req)
           ^^^^^^^^^^^^^^^^^^^^^^^^^^^^^^^^^^^^^^^^^^
  File "/Library/Frameworks/Python.framework/Versions/3.13/lib/python3.13/site-packages/httpcore/_async/connection_pool.py", line 256, in handle_async_request
    raise exc from None
  File "/Library/Frameworks/Python.framework/Versions/3.13/lib/python3.13/site-packages/httpcore/_async/connection_pool.py", line 236, in handle_async_request
    response = await connection.handle_async_request(
               ^^^^^^^^^^^^^^^^^^^^^^^^^^^^^^^^^^^^^^
        pool_request.request
        ^^^^^^^^^^^^^^^^^^^^
    )
    ^
  File "/Library/Frameworks/Python.framework/Versions/3.13/lib/python3.13/site-packages/httpcore/_async/connection.py", line 103, in handle_async_request
    return await self._connection.handle_async_request(request)
           ^^^^^^^^^^^^^^^^^^^^^^^^^^^^^^^^^^^^^^^^^^^^^^^^^^^^
  File "/Library/Frameworks/Python.framework/Versions/3.13/lib/python3.13/site-packages/httpcore/_async/http11.py", line 136, in handle_async_request
    raise exc
  File "/Library/Frameworks/Python.framework/Versions/3.13/lib/python3.13/site-packages/httpcore/_async/http11.py", line 106, in handle_async_request
    ) = await self._receive_response_headers(**kwargs)
        ^^^^^^^^^^^^^^^^^^^^^^^^^^^^^^^^^^^^^^^^^^^^^^
  File "/Library/Frameworks/Python.framework/Versions/3.13/lib/python3.13/site-packages/httpcore/_async/http11.py", line 177, in _receive_response_headers
    event = await self._receive_event(timeout=timeout)
            ^^^^^^^^^^^^^^^^^^^^^^^^^^^^^^^^^^^^^^^^^^
  File "/Library/Frameworks/Python.framework/Versions/3.13/lib/python3.13/site-packages/httpcore/_async/http11.py", line 217, in _receive_event
    data = await self._network_stream.read(
           ^^^^^^^^^^^^^^^^^^^^^^^^^^^^^^^^
        self.READ_NUM_BYTES, timeout=timeout
        ^^^^^^^^^^^^^^^^^^^^^^^^^^^^^^^^^^^^
    )
    ^
  File "/Library/Frameworks/Python.framework/Versions/3.13/lib/python3.13/site-packages/httpcore/_backends/anyio.py", line 32, in read
    with map_exceptions(exc_map):
         ~~~~~~~~~~~~~~^^^^^^^^^
  File "/Library/Frameworks/Python.framework/Versions/3.13/lib/python3.13/contextlib.py", line 162, in __exit__
    self.gen.throw(value)
    ~~~~~~~~~~~~~~^^^^^^^
  File "/Library/Frameworks/Python.framework/Versions/3.13/lib/python3.13/site-packages/httpcore/_exceptions.py", line 14, in map_exceptions
    raise to_exc(exc) from exc
httpcore.ReadError

The above exception was the direct cause of the following exception:

Traceback (most recent call last):
  File "/Library/Frameworks/Python.framework/Versions/3.13/lib/python3.13/site-packages/telegram/request/_httpxrequest.py", line 279, in do_request
    res = await self._client.request(
          ^^^^^^^^^^^^^^^^^^^^^^^^^^^
    ...<6 lines>...
    )
    ^
  File "/Library/Frameworks/Python.framework/Versions/3.13/lib/python3.13/site-packages/httpx/_client.py", line 1540, in request
    return await self.send(request, auth=auth, follow_redirects=follow_redirects)
           ^^^^^^^^^^^^^^^^^^^^^^^^^^^^^^^^^^^^^^^^^^^^^^^^^^^^^^^^^^^^^^^^^^^^^^
  File "/Library/Frameworks/Python.framework/Versions/3.13/lib/python3.13/site-packages/httpx/_client.py", line 1629, in send
    response = await self._send_handling_auth(
               ^^^^^^^^^^^^^^^^^^^^^^^^^^^^^^^
    ...<4 lines>...
    )
    ^
  File "/Library/Frameworks/Python.framework/Versions/3.13/lib/python3.13/site-packages/httpx/_client.py", line 1657, in _send_handling_auth
    response = await self._send_handling_redirects(
               ^^^^^^^^^^^^^^^^^^^^^^^^^^^^^^^^^^^^
    ...<3 lines>...
    )
    ^
  File "/Library/Frameworks/Python.framework/Versions/3.13/lib/python3.13/site-packages/httpx/_client.py", line 1694, in _send_handling_redirects
    response = await self._send_single_request(request)
               ^^^^^^^^^^^^^^^^^^^^^^^^^^^^^^^^^^^^^^^^
  File "/Library/Frameworks/Python.framework/Versions/3.13/lib/python3.13/site-packages/httpx/_client.py", line 1730, in _send_single_request
    response = await transport.handle_async_request(request)
               ^^^^^^^^^^^^^^^^^^^^^^^^^^^^^^^^^^^^^^^^^^^^^
  File "/Library/Frameworks/Python.framework/Versions/3.13/lib/python3.13/site-packages/httpx/_transports/default.py", line 393, in handle_async_request
    with map_httpcore_exceptions():
         ~~~~~~~~~~~~~~~~~~~~~~~^^
  File "/Library/Frameworks/Python.framework/Versions/3.13/lib/python3.13/contextlib.py", line 162, in __exit__
    self.gen.throw(value)
    ~~~~~~~~~~~~~~^^^^^^^
  File "/Library/Frameworks/Python.framework/Versions/3.13/lib/python3.13/site-packages/httpx/_transports/default.py", line 118, in map_httpcore_exceptions
    raise mapped_exc(message) from exc
httpx.ReadError

The above exception was the direct cause of the following exception:

Traceback (most recent call last):
  File "/Library/Frameworks/Python.framework/Versions/3.13/lib/python3.13/site-packages/telegram/ext/_utils/networkloop.py", line 161, in network_retry_loop
    await do_action()
  File "/Library/Frameworks/Python.framework/Versions/3.13/lib/python3.13/site-packages/telegram/ext/_utils/networkloop.py", line 154, in do_action
    action_cb_task.result()
    ~~~~~~~~~~~~~~~~~~~~~^^
  File "/Library/Frameworks/Python.framework/Versions/3.13/lib/python3.13/site-packages/telegram/ext/_updater.py", line 340, in polling_action_cb
    updates = await self.bot.get_updates(
              ^^^^^^^^^^^^^^^^^^^^^^^^^^^
    ...<3 lines>...
    )
    ^
  File "/Library/Frameworks/Python.framework/Versions/3.13/lib/python3.13/site-packages/telegram/ext/_extbot.py", line 672, in get_updates
    updates = await super().get_updates(
              ^^^^^^^^^^^^^^^^^^^^^^^^^^
    ...<9 lines>...
    )
    ^
  File "/Library/Frameworks/Python.framework/Versions/3.13/lib/python3.13/site-packages/telegram/_bot.py", line 4865, in get_updates
    await self._post(
    ^^^^^^^^^^^^^^^^^
    ...<7 lines>...
    ),
    ^
  File "/Library/Frameworks/Python.framework/Versions/3.13/lib/python3.13/site-packages/telegram/_bot.py", line 704, in _post
    return await self._do_post(
           ^^^^^^^^^^^^^^^^^^^^
    ...<6 lines>...
    )
    ^
  File "/Library/Frameworks/Python.framework/Versions/3.13/lib/python3.13/site-packages/telegram/ext/_extbot.py", line 370, in _do_post
    return await super()._do_post(
           ^^^^^^^^^^^^^^^^^^^^^^^
    ...<6 lines>...
    )
    ^
  File "/Library/Frameworks/Python.framework/Versions/3.13/lib/python3.13/site-packages/telegram/_bot.py", line 733, in _do_post
    result = await request.post(
             ^^^^^^^^^^^^^^^^^^^
    ...<6 lines>...
    )
    ^
  File "/Library/Frameworks/Python.framework/Versions/3.13/lib/python3.13/site-packages/telegram/request/_baserequest.py", line 198, in post
    result = await self._request_wrapper(
             ^^^^^^^^^^^^^^^^^^^^^^^^^^^^
    ...<7 lines>...
    )
    ^
  File "/Library/Frameworks/Python.framework/Versions/3.13/lib/python3.13/site-packages/telegram/request/_baserequest.py", line 305, in _request_wrapper
    code, payload = await self.do_request(
                    ^^^^^^^^^^^^^^^^^^^^^^
    ...<7 lines>...
    )
    ^
  File "/Library/Frameworks/Python.framework/Versions/3.13/lib/python3.13/site-packages/telegram/request/_httpxrequest.py", line 303, in do_request
    raise NetworkError(f"httpx.{err.__class__.__name__}: {err}") from err
telegram.error.NetworkError: httpx.ReadError: 
2026-05-14 10:51:43,230 | INFO | HTTP Request: POST https://api.telegram.org/bot8738956905:AAEXFFwtZLXljamxHaPP4srUGn4YBcns3O4/getUpdates "HTTP/1.1 200 OK"
2026-05-14 10:51:53,578 | INFO | HTTP Request: POST https://api.telegram.org/bot8738956905:AAEXFFwtZLXljamxHaPP4srUGn4YBcns3O4/getUpdates "HTTP/1.1 200 OK"
2026-05-14 10:52:03,844 | INFO | HTTP Request: POST https://api.telegram.org/bot8738956905:AAEXFFwtZLXljamxHaPP4srUGn4YBcns3O4/getUpdates "HTTP/1.1 200 OK"
2026-05-14 10:52:14,153 | INFO | HTTP Request: POST https://api.telegram.org/bot8738956905:AAEXFFwtZLXljamxHaPP4srUGn4YBcns3O4/getUpdates "HTTP/1.1 200 OK"
2026-05-14 10:52:24,418 | INFO | HTTP Request: POST https://api.telegram.org/bot8738956905:AAEXFFwtZLXljamxHaPP4srUGn4YBcns3O4/getUpdates "HTTP/1.1 200 OK"
2026-05-14 10:52:34,683 | INFO | HTTP Request: POST https://api.telegram.org/bot8738956905:AAEXFFwtZLXljamxHaPP4srUGn4YBcns3O4/getUpdates "HTTP/1.1 200 OK"
2026-05-14 10:52:44,949 | INFO | HTTP Request: POST https://api.telegram.org/bot8738956905:AAEXFFwtZLXljamxHaPP4srUGn4YBcns3O4/getUpdates "HTTP/1.1 200 OK"
2026-05-14 10:52:55,213 | INFO | HTTP Request: POST https://api.telegram.org/bot8738956905:AAEXFFwtZLXljamxHaPP4srUGn4YBcns3O4/getUpdates "HTTP/1.1 200 OK"
2026-05-14 10:53:05,476 | INFO | HTTP Request: POST https://api.telegram.org/bot8738956905:AAEXFFwtZLXljamxHaPP4srUGn4YBcns3O4/getUpdates "HTTP/1.1 200 OK"
2026-05-14 10:53:15,800 | INFO | HTTP Request: POST https://api.telegram.org/bot8738956905:AAEXFFwtZLXljamxHaPP4srUGn4YBcns3O4/getUpdates "HTTP/1.1 200 OK"
2026-05-14 10:53:26,142 | INFO | HTTP Request: POST https://api.telegram.org/bot8738956905:AAEXFFwtZLXljamxHaPP4srUGn4YBcns3O4/getUpdates "HTTP/1.1 200 OK"
2026-05-14 10:53:36,405 | INFO | HTTP Request: POST https://api.telegram.org/bot8738956905:AAEXFFwtZLXljamxHaPP4srUGn4YBcns3O4/getUpdates "HTTP/1.1 200 OK"
2026-05-14 10:53:46,725 | INFO | HTTP Request: POST https://api.telegram.org/bot8738956905:AAEXFFwtZLXljamxHaPP4srUGn4YBcns3O4/getUpdates "HTTP/1.1 200 OK"
2026-05-14 10:53:57,079 | INFO | HTTP Request: POST https://api.telegram.org/bot8738956905:AAEXFFwtZLXljamxHaPP4srUGn4YBcns3O4/getUpdates "HTTP/1.1 200 OK"
2026-05-14 10:54:07,411 | INFO | HTTP Request: POST https://api.telegram.org/bot8738956905:AAEXFFwtZLXljamxHaPP4srUGn4YBcns3O4/getUpdates "HTTP/1.1 200 OK"
2026-05-14 10:54:17,674 | INFO | HTTP Request: POST https://api.telegram.org/bot8738956905:AAEXFFwtZLXljamxHaPP4srUGn4YBcns3O4/getUpdates "HTTP/1.1 200 OK"
2026-05-14 10:54:27,993 | INFO | HTTP Request: POST https://api.telegram.org/bot8738956905:AAEXFFwtZLXljamxHaPP4srUGn4YBcns3O4/getUpdates "HTTP/1.1 200 OK"
2026-05-14 10:54:38,337 | INFO | HTTP Request: POST https://api.telegram.org/bot8738956905:AAEXFFwtZLXljamxHaPP4srUGn4YBcns3O4/getUpdates "HTTP/1.1 200 OK"
2026-05-14 10:54:48,602 | INFO | HTTP Request: POST https://api.telegram.org/bot8738956905:AAEXFFwtZLXljamxHaPP4srUGn4YBcns3O4/getUpdates "HTTP/1.1 200 OK"
2026-05-14 10:54:58,865 | INFO | HTTP Request: POST https://api.telegram.org/bot8738956905:AAEXFFwtZLXljamxHaPP4srUGn4YBcns3O4/getUpdates "HTTP/1.1 200 OK"
2026-05-14 10:55:09,133 | INFO | HTTP Request: POST https://api.telegram.org/bot8738956905:AAEXFFwtZLXljamxHaPP4srUGn4YBcns3O4/getUpdates "HTTP/1.1 200 OK"
2026-05-14 10:55:19,399 | INFO | HTTP Request: POST https://api.telegram.org/bot8738956905:AAEXFFwtZLXljamxHaPP4srUGn4YBcns3O4/getUpdates "HTTP/1.1 200 OK"
2026-05-14 10:55:29,663 | INFO | HTTP Request: POST https://api.telegram.org/bot8738956905:AAEXFFwtZLXljamxHaPP4srUGn4YBcns3O4/getUpdates "HTTP/1.1 200 OK"
2026-05-14 10:55:39,926 | INFO | HTTP Request: POST https://api.telegram.org/bot8738956905:AAEXFFwtZLXljamxHaPP4srUGn4YBcns3O4/getUpdates "HTTP/1.1 200 OK"
2026-05-14 10:55:50,192 | INFO | HTTP Request: POST https://api.telegram.org/bot8738956905:AAEXFFwtZLXljamxHaPP4srUGn4YBcns3O4/getUpdates "HTTP/1.1 200 OK"
2026-05-14 10:56:00,566 | INFO | HTTP Request: POST https://api.telegram.org/bot8738956905:AAEXFFwtZLXljamxHaPP4srUGn4YBcns3O4/getUpdates "HTTP/1.1 200 OK"
2026-05-14 10:56:10,908 | INFO | HTTP Request: POST https://api.telegram.org/bot8738956905:AAEXFFwtZLXljamxHaPP4srUGn4YBcns3O4/getUpdates "HTTP/1.1 200 OK"
2026-05-14 10:56:21,252 | INFO | HTTP Request: POST https://api.telegram.org/bot8738956905:AAEXFFwtZLXljamxHaPP4srUGn4YBcns3O4/getUpdates "HTTP/1.1 200 OK"
2026-05-14 10:56:31,515 | INFO | HTTP Request: POST https://api.telegram.org/bot8738956905:AAEXFFwtZLXljamxHaPP4srUGn4YBcns3O4/getUpdates "HTTP/1.1 200 OK"
2026-05-14 10:56:41,779 | INFO | HTTP Request: POST https://api.telegram.org/bot8738956905:AAEXFFwtZLXljamxHaPP4srUGn4YBcns3O4/getUpdates "HTTP/1.1 200 OK"
2026-05-14 10:56:52,044 | INFO | HTTP Request: POST https://api.telegram.org/bot8738956905:AAEXFFwtZLXljamxHaPP4srUGn4YBcns3O4/getUpdates "HTTP/1.1 200 OK"
2026-05-14 10:57:02,307 | INFO | HTTP Request: POST https://api.telegram.org/bot8738956905:AAEXFFwtZLXljamxHaPP4srUGn4YBcns3O4/getUpdates "HTTP/1.1 200 OK"
2026-05-14 10:57:12,575 | INFO | HTTP Request: POST https://api.telegram.org/bot8738956905:AAEXFFwtZLXljamxHaPP4srUGn4YBcns3O4/getUpdates "HTTP/1.1 200 OK"
2026-05-14 10:57:22,839 | INFO | HTTP Request: POST https://api.telegram.org/bot8738956905:AAEXFFwtZLXljamxHaPP4srUGn4YBcns3O4/getUpdates "HTTP/1.1 200 OK"
2026-05-14 10:57:33,114 | INFO | HTTP Request: POST https://api.telegram.org/bot8738956905:AAEXFFwtZLXljamxHaPP4srUGn4YBcns3O4/getUpdates "HTTP/1.1 200 OK"
2026-05-14 10:57:43,385 | INFO | HTTP Request: POST https://api.telegram.org/bot8738956905:AAEXFFwtZLXljamxHaPP4srUGn4YBcns3O4/getUpdates "HTTP/1.1 200 OK"
2026-05-14 10:57:53,653 | INFO | HTTP Request: POST https://api.telegram.org/bot8738956905:AAEXFFwtZLXljamxHaPP4srUGn4YBcns3O4/getUpdates "HTTP/1.1 200 OK"
2026-05-14 10:58:03,915 | INFO | HTTP Request: POST https://api.telegram.org/bot8738956905:AAEXFFwtZLXljamxHaPP4srUGn4YBcns3O4/getUpdates "HTTP/1.1 200 OK"
2026-05-14 10:58:14,179 | INFO | HTTP Request: POST https://api.telegram.org/bot8738956905:AAEXFFwtZLXljamxHaPP4srUGn4YBcns3O4/getUpdates "HTTP/1.1 200 OK"
2026-05-14 10:58:24,447 | INFO | HTTP Request: POST https://api.telegram.org/bot8738956905:AAEXFFwtZLXljamxHaPP4srUGn4YBcns3O4/getUpdates "HTTP/1.1 200 OK"
2026-05-14 10:58:34,712 | INFO | HTTP Request: POST https://api.telegram.org/bot8738956905:AAEXFFwtZLXljamxHaPP4srUGn4YBcns3O4/getUpdates "HTTP/1.1 200 OK"
2026-05-14 10:58:44,979 | INFO | HTTP Request: POST https://api.telegram.org/bot8738956905:AAEXFFwtZLXljamxHaPP4srUGn4YBcns3O4/getUpdates "HTTP/1.1 200 OK"
2026-05-14 10:58:55,246 | INFO | HTTP Request: POST https://api.telegram.org/bot8738956905:AAEXFFwtZLXljamxHaPP4srUGn4YBcns3O4/getUpdates "HTTP/1.1 200 OK"
2026-05-14 10:59:05,520 | INFO | HTTP Request: POST https://api.telegram.org/bot8738956905:AAEXFFwtZLXljamxHaPP4srUGn4YBcns3O4/getUpdates "HTTP/1.1 200 OK"
2026-05-14 10:59:15,784 | INFO | HTTP Request: POST https://api.telegram.org/bot8738956905:AAEXFFwtZLXljamxHaPP4srUGn4YBcns3O4/getUpdates "HTTP/1.1 200 OK"
2026-05-14 10:59:26,048 | INFO | HTTP Request: POST https://api.telegram.org/bot8738956905:AAEXFFwtZLXljamxHaPP4srUGn4YBcns3O4/getUpdates "HTTP/1.1 200 OK"
2026-05-14 10:59:36,313 | INFO | HTTP Request: POST https://api.telegram.org/bot8738956905:AAEXFFwtZLXljamxHaPP4srUGn4YBcns3O4/getUpdates "HTTP/1.1 200 OK"
2026-05-14 10:59:46,578 | INFO | HTTP Request: POST https://api.telegram.org/bot8738956905:AAEXFFwtZLXljamxHaPP4srUGn4YBcns3O4/getUpdates "HTTP/1.1 200 OK"
2026-05-14 10:59:56,913 | INFO | HTTP Request: POST https://api.telegram.org/bot8738956905:AAEXFFwtZLXljamxHaPP4srUGn4YBcns3O4/getUpdates "HTTP/1.1 200 OK"
2026-05-14 11:00:07,176 | INFO | HTTP Request: POST https://api.telegram.org/bot8738956905:AAEXFFwtZLXljamxHaPP4srUGn4YBcns3O4/getUpdates "HTTP/1.1 200 OK"
2026-05-14 11:00:17,440 | INFO | HTTP Request: POST https://api.telegram.org/bot8738956905:AAEXFFwtZLXljamxHaPP4srUGn4YBcns3O4/getUpdates "HTTP/1.1 200 OK"
2026-05-14 11:00:27,703 | INFO | HTTP Request: POST https://api.telegram.org/bot8738956905:AAEXFFwtZLXljamxHaPP4srUGn4YBcns3O4/getUpdates "HTTP/1.1 200 OK"
2026-05-14 11:00:37,968 | INFO | HTTP Request: POST https://api.telegram.org/bot8738956905:AAEXFFwtZLXljamxHaPP4srUGn4YBcns3O4/getUpdates "HTTP/1.1 200 OK"
2026-05-14 11:00:48,235 | INFO | HTTP Request: POST https://api.telegram.org/bot8738956905:AAEXFFwtZLXljamxHaPP4srUGn4YBcns3O4/getUpdates "HTTP/1.1 200 OK"
2026-05-14 11:00:58,574 | INFO | HTTP Request: POST https://api.telegram.org/bot8738956905:AAEXFFwtZLXljamxHaPP4srUGn4YBcns3O4/getUpdates "HTTP/1.1 200 OK"
2026-05-14 11:01:08,836 | INFO | HTTP Request: POST https://api.telegram.org/bot8738956905:AAEXFFwtZLXljamxHaPP4srUGn4YBcns3O4/getUpdates "HTTP/1.1 200 OK"
2026-05-14 11:01:19,099 | INFO | HTTP Request: POST https://api.telegram.org/bot8738956905:AAEXFFwtZLXljamxHaPP4srUGn4YBcns3O4/getUpdates "HTTP/1.1 200 OK"
2026-05-14 11:01:29,381 | INFO | HTTP Request: POST https://api.telegram.org/bot8738956905:AAEXFFwtZLXljamxHaPP4srUGn4YBcns3O4/getUpdates "HTTP/1.1 200 OK"
2026-05-14 11:01:39,650 | INFO | HTTP Request: POST https://api.telegram.org/bot8738956905:AAEXFFwtZLXljamxHaPP4srUGn4YBcns3O4/getUpdates "HTTP/1.1 200 OK"
2026-05-14 11:01:49,965 | INFO | HTTP Request: POST https://api.telegram.org/bot8738956905:AAEXFFwtZLXljamxHaPP4srUGn4YBcns3O4/getUpdates "HTTP/1.1 200 OK"
2026-05-14 11:02:00,232 | INFO | HTTP Request: POST https://api.telegram.org/bot8738956905:AAEXFFwtZLXljamxHaPP4srUGn4YBcns3O4/getUpdates "HTTP/1.1 200 OK"
2026-05-14 11:02:10,497 | INFO | HTTP Request: POST https://api.telegram.org/bot8738956905:AAEXFFwtZLXljamxHaPP4srUGn4YBcns3O4/getUpdates "HTTP/1.1 200 OK"
2026-05-14 11:02:20,761 | INFO | HTTP Request: POST https://api.telegram.org/bot8738956905:AAEXFFwtZLXljamxHaPP4srUGn4YBcns3O4/getUpdates "HTTP/1.1 200 OK"
2026-05-14 11:02:31,035 | INFO | HTTP Request: POST https://api.telegram.org/bot8738956905:AAEXFFwtZLXljamxHaPP4srUGn4YBcns3O4/getUpdates "HTTP/1.1 200 OK"
2026-05-14 11:02:41,303 | INFO | HTTP Request: POST https://api.telegram.org/bot8738956905:AAEXFFwtZLXljamxHaPP4srUGn4YBcns3O4/getUpdates "HTTP/1.1 200 OK"
2026-05-14 11:02:51,566 | INFO | HTTP Request: POST https://api.telegram.org/bot8738956905:AAEXFFwtZLXljamxHaPP4srUGn4YBcns3O4/getUpdates "HTTP/1.1 200 OK"
2026-05-14 11:03:01,831 | INFO | HTTP Request: POST https://api.telegram.org/bot8738956905:AAEXFFwtZLXljamxHaPP4srUGn4YBcns3O4/getUpdates "HTTP/1.1 200 OK"
2026-05-14 11:03:12,203 | INFO | HTTP Request: POST https://api.telegram.org/bot8738956905:AAEXFFwtZLXljamxHaPP4srUGn4YBcns3O4/getUpdates "HTTP/1.1 200 OK"
2026-05-14 11:03:22,468 | INFO | HTTP Request: POST https://api.telegram.org/bot8738956905:AAEXFFwtZLXljamxHaPP4srUGn4YBcns3O4/getUpdates "HTTP/1.1 200 OK"
2026-05-14 11:03:32,733 | INFO | HTTP Request: POST https://api.telegram.org/bot8738956905:AAEXFFwtZLXljamxHaPP4srUGn4YBcns3O4/getUpdates "HTTP/1.1 200 OK"
2026-05-14 11:03:43,018 | INFO | HTTP Request: POST https://api.telegram.org/bot8738956905:AAEXFFwtZLXljamxHaPP4srUGn4YBcns3O4/getUpdates "HTTP/1.1 200 OK"
2026-05-14 11:03:53,282 | INFO | HTTP Request: POST https://api.telegram.org/bot8738956905:AAEXFFwtZLXljamxHaPP4srUGn4YBcns3O4/getUpdates "HTTP/1.1 200 OK"
2026-05-14 11:04:03,551 | INFO | HTTP Request: POST https://api.telegram.org/bot8738956905:AAEXFFwtZLXljamxHaPP4srUGn4YBcns3O4/getUpdates "HTTP/1.1 200 OK"
2026-05-14 11:04:13,817 | INFO | HTTP Request: POST https://api.telegram.org/bot8738956905:AAEXFFwtZLXljamxHaPP4srUGn4YBcns3O4/getUpdates "HTTP/1.1 200 OK"
2026-05-14 11:04:24,183 | INFO | HTTP Request: POST https://api.telegram.org/bot8738956905:AAEXFFwtZLXljamxHaPP4srUGn4YBcns3O4/getUpdates "HTTP/1.1 200 OK"
2026-05-14 11:04:34,446 | INFO | HTTP Request: POST https://api.telegram.org/bot8738956905:AAEXFFwtZLXljamxHaPP4srUGn4YBcns3O4/getUpdates "HTTP/1.1 200 OK"
2026-05-14 11:04:44,710 | INFO | HTTP Request: POST https://api.telegram.org/bot8738956905:AAEXFFwtZLXljamxHaPP4srUGn4YBcns3O4/getUpdates "HTTP/1.1 200 OK"
2026-05-14 11:04:54,977 | INFO | HTTP Request: POST https://api.telegram.org/bot8738956905:AAEXFFwtZLXljamxHaPP4srUGn4YBcns3O4/getUpdates "HTTP/1.1 200 OK"
2026-05-14 11:05:05,240 | INFO | HTTP Request: POST https://api.telegram.org/bot8738956905:AAEXFFwtZLXljamxHaPP4srUGn4YBcns3O4/getUpdates "HTTP/1.1 200 OK"
2026-05-14 11:05:15,506 | INFO | HTTP Request: POST https://api.telegram.org/bot8738956905:AAEXFFwtZLXljamxHaPP4srUGn4YBcns3O4/getUpdates "HTTP/1.1 200 OK"
2026-05-14 11:05:25,770 | INFO | HTTP Request: POST https://api.telegram.org/bot8738956905:AAEXFFwtZLXljamxHaPP4srUGn4YBcns3O4/getUpdates "HTTP/1.1 200 OK"
2026-05-14 11:05:36,070 | INFO | HTTP Request: POST https://api.telegram.org/bot8738956905:AAEXFFwtZLXljamxHaPP4srUGn4YBcns3O4/getUpdates "HTTP/1.1 200 OK"
2026-05-14 11:05:46,335 | INFO | HTTP Request: POST https://api.telegram.org/bot8738956905:AAEXFFwtZLXljamxHaPP4srUGn4YBcns3O4/getUpdates "HTTP/1.1 200 OK"
2026-05-14 11:05:56,597 | INFO | HTTP Request: POST https://api.telegram.org/bot8738956905:AAEXFFwtZLXljamxHaPP4srUGn4YBcns3O4/getUpdates "HTTP/1.1 200 OK"
2026-05-14 11:06:06,893 | INFO | HTTP Request: POST https://api.telegram.org/bot8738956905:AAEXFFwtZLXljamxHaPP4srUGn4YBcns3O4/getUpdates "HTTP/1.1 200 OK"
2026-05-14 11:06:17,235 | INFO | HTTP Request: POST https://api.telegram.org/bot8738956905:AAEXFFwtZLXljamxHaPP4srUGn4YBcns3O4/getUpdates "HTTP/1.1 200 OK"
2026-05-14 11:06:27,577 | INFO | HTTP Request: POST https://api.telegram.org/bot8738956905:AAEXFFwtZLXljamxHaPP4srUGn4YBcns3O4/getUpdates "HTTP/1.1 200 OK"
2026-05-14 11:06:37,841 | INFO | HTTP Request: POST https://api.telegram.org/bot8738956905:AAEXFFwtZLXljamxHaPP4srUGn4YBcns3O4/getUpdates "HTTP/1.1 200 OK"
2026-05-14 11:06:48,104 | INFO | HTTP Request: POST https://api.telegram.org/bot8738956905:AAEXFFwtZLXljamxHaPP4srUGn4YBcns3O4/getUpdates "HTTP/1.1 200 OK"
2026-05-14 11:06:58,366 | INFO | HTTP Request: POST https://api.telegram.org/bot8738956905:AAEXFFwtZLXljamxHaPP4srUGn4YBcns3O4/getUpdates "HTTP/1.1 200 OK"
2026-05-14 11:07:08,743 | INFO | HTTP Request: POST https://api.telegram.org/bot8738956905:AAEXFFwtZLXljamxHaPP4srUGn4YBcns3O4/getUpdates "HTTP/1.1 200 OK"
2026-05-14 11:07:19,004 | INFO | HTTP Request: POST https://api.telegram.org/bot8738956905:AAEXFFwtZLXljamxHaPP4srUGn4YBcns3O4/getUpdates "HTTP/1.1 200 OK"
2026-05-14 11:07:29,270 | INFO | HTTP Request: POST https://api.telegram.org/bot8738956905:AAEXFFwtZLXljamxHaPP4srUGn4YBcns3O4/getUpdates "HTTP/1.1 200 OK"
2026-05-14 11:07:39,529 | INFO | HTTP Request: POST https://api.telegram.org/bot8738956905:AAEXFFwtZLXljamxHaPP4srUGn4YBcns3O4/getUpdates "HTTP/1.1 200 OK"
2026-05-14 11:07:49,789 | INFO | HTTP Request: POST https://api.telegram.org/bot8738956905:AAEXFFwtZLXljamxHaPP4srUGn4YBcns3O4/getUpdates "HTTP/1.1 200 OK"
2026-05-14 11:08:00,051 | INFO | HTTP Request: POST https://api.telegram.org/bot8738956905:AAEXFFwtZLXljamxHaPP4srUGn4YBcns3O4/getUpdates "HTTP/1.1 200 OK"
2026-05-14 11:08:09,171 | INFO | HTTP Request: POST https://api.telegram.org/bot8738956905:AAEXFFwtZLXljamxHaPP4srUGn4YBcns3O4/getUpdates "HTTP/1.1 200 OK"
2026-05-14 11:08:16,204 | INFO | HTTP Request: POST https://api.telegram.org/bot8738956905:AAEXFFwtZLXljamxHaPP4srUGn4YBcns3O4/getUpdates "HTTP/1.1 200 OK"
2026-05-14 11:08:16,205 | INFO | Application is stopping. This might take a moment.
2026-05-14 11:08:16,205 | INFO | Scheduler has been shut down
2026-05-14 11:08:16,216 | INFO | Application.stop() complete
2026-05-19 12:03:13,601 | INFO | Bot started
2026-05-19 12:03:13,894 | INFO | HTTP Request: POST https://api.telegram.org/bot8738956905:AAEXFFwtZLXljamxHaPP4srUGn4YBcns3O4/getMe "HTTP/1.1 200 OK"
2026-05-19 12:03:13,903 | INFO | Database initialized
2026-05-19 12:03:13,972 | INFO | HTTP Request: POST https://api.telegram.org/bot8738956905:AAEXFFwtZLXljamxHaPP4srUGn4YBcns3O4/deleteWebhook "HTTP/1.1 200 OK"
2026-05-19 12:03:13,975 | INFO | Scheduler started
2026-05-19 12:03:13,975 | INFO | Application started
2026-05-19 12:03:14,204 | INFO | HTTP Request: POST https://api.telegram.org/bot8738956905:AAEXFFwtZLXljamxHaPP4srUGn4YBcns3O4/getUpdates "HTTP/1.1 200 OK"
2026-05-19 12:03:14,303 | INFO | HTTP Request: POST https://api.telegram.org/bot8738956905:AAEXFFwtZLXljamxHaPP4srUGn4YBcns3O4/sendMessage "HTTP/1.1 200 OK"
2026-05-19 12:03:24,156 | INFO | HTTP Request: POST https://api.telegram.org/bot8738956905:AAEXFFwtZLXljamxHaPP4srUGn4YBcns3O4/getUpdates "HTTP/1.1 200 OK"
2026-05-19 12:03:24,512 | INFO | HTTP Request: POST https://api.telegram.org/bot8738956905:AAEXFFwtZLXljamxHaPP4srUGn4YBcns3O4/sendMessage "HTTP/1.1 200 OK"
2026-05-19 12:03:24,704 | INFO | HTTP Request: POST https://api.telegram.org/bot8738956905:AAEXFFwtZLXljamxHaPP4srUGn4YBcns3O4/sendMessage "HTTP/1.1 200 OK"
2026-05-19 12:03:29,008 | INFO | HTTP Request: POST https://api.telegram.org/bot8738956905:AAEXFFwtZLXljamxHaPP4srUGn4YBcns3O4/getUpdates "HTTP/1.1 200 OK"
2026-05-19 12:03:29,012 | ERROR | No error handlers are registered, logging exception.
Traceback (most recent call last):
  File "/Library/Frameworks/Python.framework/Versions/3.13/lib/python3.13/site-packages/telegram/ext/_application.py", line 1315, in process_update
    await coroutine
  File "/Library/Frameworks/Python.framework/Versions/3.13/lib/python3.13/site-packages/telegram/ext/_handlers/conversationhandler.py", line 841, in handle_update
    new_state: object = await handler.handle_update(
                        ^^^^^^^^^^^^^^^^^^^^^^^^^^^^
        update, application, handler_check_result, context
        ^^^^^^^^^^^^^^^^^^^^^^^^^^^^^^^^^^^^^^^^^^^^^^^^^^
    )
    ^
  File "/Library/Frameworks/Python.framework/Versions/3.13/lib/python3.13/site-packages/telegram/ext/_handlers/basehandler.py", line 159, in handle_update
    return await self.callback(update, context)
           ^^^^^^^^^^^^^^^^^^^^^^^^^^^^^^^^^^^^
  File "/Users/olegvoropaev/Documents/Python/SNTBot/SNTTgBot/bot.py", line 743, in ask_plot
    await update_user_plot(phone, plot)
  File "/Users/olegvoropaev/Documents/Python/SNTBot/SNTTgBot/bot.py", line 277, in update_user_plot
    await db.execute(
    ...<2 lines>...
    )
  File "/Library/Frameworks/Python.framework/Versions/3.13/lib/python3.13/site-packages/aiosqlite/core.py", line 223, in execute
    cursor = await self._execute(self._conn.execute, sql, parameters)
             ^^^^^^^^^^^^^^^^^^^^^^^^^^^^^^^^^^^^^^^^^^^^^^^^^^^^^^^^
  File "/Library/Frameworks/Python.framework/Versions/3.13/lib/python3.13/site-packages/aiosqlite/core.py", line 160, in _execute
    return await future
           ^^^^^^^^^^^^
  File "/Library/Frameworks/Python.framework/Versions/3.13/lib/python3.13/site-packages/aiosqlite/core.py", line 63, in _connection_worker_thread
    result = function()
sqlite3.OperationalError: no such column: plot
2026-05-19 12:03:39,080 | INFO | HTTP Request: POST https://api.telegram.org/bot8738956905:AAEXFFwtZLXljamxHaPP4srUGn4YBcns3O4/getUpdates "HTTP/1.1 200 OK"
2026-05-19 12:03:49,156 | INFO | HTTP Request: POST https://api.telegram.org/bot8738956905:AAEXFFwtZLXljamxHaPP4srUGn4YBcns3O4/getUpdates "HTTP/1.1 200 OK"
2026-05-19 12:03:59,291 | INFO | HTTP Request: POST https://api.telegram.org/bot8738956905:AAEXFFwtZLXljamxHaPP4srUGn4YBcns3O4/getUpdates "HTTP/1.1 200 OK"
2026-05-19 12:04:09,429 | INFO | HTTP Request: POST https://api.telegram.org/bot8738956905:AAEXFFwtZLXljamxHaPP4srUGn4YBcns3O4/getUpdates "HTTP/1.1 200 OK"
2026-05-19 12:04:19,542 | INFO | HTTP Request: POST https://api.telegram.org/bot8738956905:AAEXFFwtZLXljamxHaPP4srUGn4YBcns3O4/getUpdates "HTTP/1.1 200 OK"
2026-05-19 12:04:29,704 | INFO | HTTP Request: POST https://api.telegram.org/bot8738956905:AAEXFFwtZLXljamxHaPP4srUGn4YBcns3O4/getUpdates "HTTP/1.1 200 OK"
2026-05-19 12:04:33,116 | INFO | HTTP Request: POST https://api.telegram.org/bot8738956905:AAEXFFwtZLXljamxHaPP4srUGn4YBcns3O4/getUpdates "HTTP/1.1 200 OK"
2026-05-19 12:04:33,118 | INFO | Application is stopping. This might take a moment.
2026-05-19 12:04:33,118 | INFO | Scheduler has been shut down
2026-05-19 12:04:33,129 | INFO | Application.stop() complete
2026-05-19 12:04:33,157 | ERROR | Task was destroyed but it is pending!
task: <Task pending name='Task-5' coro=<debt_notifications_loop() running at /Users/olegvoropaev/Documents/Python/SNTBot/SNTTgBot/bot.py:544> wait_for=<Future pending cb=[Task.task_wakeup()]>>
2026-05-19 12:06:18,367 | INFO | Bot started
2026-05-19 12:06:18,587 | INFO | HTTP Request: POST https://api.telegram.org/bot8738956905:AAEXFFwtZLXljamxHaPP4srUGn4YBcns3O4/getMe "HTTP/1.1 200 OK"
2026-05-19 12:06:18,593 | INFO | Database initialized
2026-05-19 12:06:18,658 | INFO | HTTP Request: POST https://api.telegram.org/bot8738956905:AAEXFFwtZLXljamxHaPP4srUGn4YBcns3O4/deleteWebhook "HTTP/1.1 200 OK"
2026-05-19 12:06:18,660 | INFO | Scheduler started
2026-05-19 12:06:18,661 | INFO | Application started
2026-05-19 12:06:28,902 | INFO | HTTP Request: POST https://api.telegram.org/bot8738956905:AAEXFFwtZLXljamxHaPP4srUGn4YBcns3O4/getUpdates "HTTP/1.1 200 OK"
2026-05-19 12:06:34,892 | INFO | HTTP Request: POST https://api.telegram.org/bot8738956905:AAEXFFwtZLXljamxHaPP4srUGn4YBcns3O4/getUpdates "HTTP/1.1 200 OK"
2026-05-19 12:06:35,153 | INFO | HTTP Request: POST https://api.telegram.org/bot8738956905:AAEXFFwtZLXljamxHaPP4srUGn4YBcns3O4/sendMessage "HTTP/1.1 200 OK"
2026-05-19 12:06:38,649 | INFO | HTTP Request: POST https://api.telegram.org/bot8738956905:AAEXFFwtZLXljamxHaPP4srUGn4YBcns3O4/getUpdates "HTTP/1.1 200 OK"
2026-05-19 12:06:38,753 | INFO | HTTP Request: POST https://api.telegram.org/bot8738956905:AAEXFFwtZLXljamxHaPP4srUGn4YBcns3O4/sendMessage "HTTP/1.1 200 OK"
2026-05-19 12:06:38,842 | INFO | HTTP Request: POST https://api.telegram.org/bot8738956905:AAEXFFwtZLXljamxHaPP4srUGn4YBcns3O4/sendMessage "HTTP/1.1 200 OK"
2026-05-19 12:06:42,069 | INFO | HTTP Request: POST https://api.telegram.org/bot8738956905:AAEXFFwtZLXljamxHaPP4srUGn4YBcns3O4/getUpdates "HTTP/1.1 200 OK"
2026-05-19 12:06:42,165 | INFO | HTTP Request: POST https://api.telegram.org/bot8738956905:AAEXFFwtZLXljamxHaPP4srUGn4YBcns3O4/sendMessage "HTTP/1.1 200 OK"
2026-05-19 12:06:42,260 | INFO | HTTP Request: POST https://api.telegram.org/bot8738956905:AAEXFFwtZLXljamxHaPP4srUGn4YBcns3O4/sendMessage "HTTP/1.1 200 OK"
2026-05-19 12:06:48,597 | INFO | HTTP Request: POST https://api.telegram.org/bot8738956905:AAEXFFwtZLXljamxHaPP4srUGn4YBcns3O4/getUpdates "HTTP/1.1 200 OK"
2026-05-19 12:06:50,472 | INFO | HTTP Request: POST https://api.telegram.org/bot8738956905:AAEXFFwtZLXljamxHaPP4srUGn4YBcns3O4/sendMessage "HTTP/1.1 200 OK"
2026-05-19 12:06:58,701 | INFO | HTTP Request: POST https://api.telegram.org/bot8738956905:AAEXFFwtZLXljamxHaPP4srUGn4YBcns3O4/getUpdates "HTTP/1.1 200 OK"
2026-05-19 12:07:06,586 | INFO | HTTP Request: POST https://api.telegram.org/bot8738956905:AAEXFFwtZLXljamxHaPP4srUGn4YBcns3O4/getUpdates "HTTP/1.1 200 OK"
2026-05-19 12:07:06,844 | INFO | HTTP Request: POST https://api.telegram.org/bot8738956905:AAEXFFwtZLXljamxHaPP4srUGn4YBcns3O4/sendMessage "HTTP/1.1 200 OK"
2026-05-19 12:07:12,371 | INFO | HTTP Request: POST https://api.telegram.org/bot8738956905:AAEXFFwtZLXljamxHaPP4srUGn4YBcns3O4/getUpdates "HTTP/1.1 200 OK"
2026-05-19 12:07:12,630 | INFO | HTTP Request: POST https://api.telegram.org/bot8738956905:AAEXFFwtZLXljamxHaPP4srUGn4YBcns3O4/sendMessage "HTTP/1.1 200 OK"
2026-05-19 12:07:15,031 | INFO | HTTP Request: POST https://api.telegram.org/bot8738956905:AAEXFFwtZLXljamxHaPP4srUGn4YBcns3O4/getUpdates "HTTP/1.1 200 OK"
2026-05-19 12:07:15,177 | INFO | HTTP Request: POST https://api.telegram.org/bot8738956905:AAEXFFwtZLXljamxHaPP4srUGn4YBcns3O4/sendMessage "HTTP/1.1 200 OK"
2026-05-19 12:07:19,993 | INFO | HTTP Request: POST https://api.telegram.org/bot8738956905:AAEXFFwtZLXljamxHaPP4srUGn4YBcns3O4/getUpdates "HTTP/1.1 200 OK"
2026-05-19 12:07:20,091 | INFO | HTTP Request: POST https://api.telegram.org/bot8738956905:AAEXFFwtZLXljamxHaPP4srUGn4YBcns3O4/sendMessage "HTTP/1.1 200 OK"
2026-05-19 12:07:28,201 | INFO | HTTP Request: POST https://api.telegram.org/bot8738956905:AAEXFFwtZLXljamxHaPP4srUGn4YBcns3O4/getUpdates "HTTP/1.1 200 OK"
2026-05-19 12:07:28,469 | INFO | HTTP Request: POST https://api.telegram.org/bot8738956905:AAEXFFwtZLXljamxHaPP4srUGn4YBcns3O4/sendMessage "HTTP/1.1 200 OK"
2026-05-19 12:07:34,656 | INFO | HTTP Request: POST https://api.telegram.org/bot8738956905:AAEXFFwtZLXljamxHaPP4srUGn4YBcns3O4/getUpdates "HTTP/1.1 200 OK"
2026-05-19 12:07:34,892 | INFO | HTTP Request: POST https://api.telegram.org/bot8738956905:AAEXFFwtZLXljamxHaPP4srUGn4YBcns3O4/answerCallbackQuery "HTTP/1.1 200 OK"
2026-05-19 12:07:35,003 | INFO | HTTP Request: POST https://api.telegram.org/bot8738956905:AAEXFFwtZLXljamxHaPP4srUGn4YBcns3O4/editMessageText "HTTP/1.1 200 OK"
2026-05-19 12:07:42,482 | INFO | HTTP Request: POST https://api.telegram.org/bot8738956905:AAEXFFwtZLXljamxHaPP4srUGn4YBcns3O4/getUpdates "HTTP/1.1 200 OK"
2026-05-19 12:07:42,752 | INFO | HTTP Request: POST https://api.telegram.org/bot8738956905:AAEXFFwtZLXljamxHaPP4srUGn4YBcns3O4/sendMessage "HTTP/1.1 200 OK"
2026-05-19 12:07:52,667 | INFO | HTTP Request: POST https://api.telegram.org/bot8738956905:AAEXFFwtZLXljamxHaPP4srUGn4YBcns3O4/getUpdates "HTTP/1.1 200 OK"
2026-05-19 12:08:01,333 | INFO | HTTP Request: POST https://api.telegram.org/bot8738956905:AAEXFFwtZLXljamxHaPP4srUGn4YBcns3O4/getUpdates "HTTP/1.1 200 OK"
2026-05-19 12:08:01,593 | INFO | HTTP Request: POST https://api.telegram.org/bot8738956905:AAEXFFwtZLXljamxHaPP4srUGn4YBcns3O4/sendMessage "HTTP/1.1 200 OK"
2026-05-19 12:08:01,774 | INFO | HTTP Request: POST https://api.telegram.org/bot8738956905:AAEXFFwtZLXljamxHaPP4srUGn4YBcns3O4/sendMessage "HTTP/1.1 200 OK"
2026-05-19 12:08:11,415 | INFO | HTTP Request: POST https://api.telegram.org/bot8738956905:AAEXFFwtZLXljamxHaPP4srUGn4YBcns3O4/getUpdates "HTTP/1.1 200 OK"
2026-05-19 12:08:21,496 | INFO | HTTP Request: POST https://api.telegram.org/bot8738956905:AAEXFFwtZLXljamxHaPP4srUGn4YBcns3O4/getUpdates "HTTP/1.1 200 OK"
2026-05-19 12:08:31,682 | INFO | HTTP Request: POST https://api.telegram.org/bot8738956905:AAEXFFwtZLXljamxHaPP4srUGn4YBcns3O4/getUpdates "HTTP/1.1 200 OK"
2026-05-19 12:08:41,822 | INFO | HTTP Request: POST https://api.telegram.org/bot8738956905:AAEXFFwtZLXljamxHaPP4srUGn4YBcns3O4/getUpdates "HTTP/1.1 200 OK"
2026-05-19 12:08:51,958 | INFO | HTTP Request: POST https://api.telegram.org/bot8738956905:AAEXFFwtZLXljamxHaPP4srUGn4YBcns3O4/getUpdates "HTTP/1.1 200 OK"
2026-05-19 12:09:02,035 | INFO | HTTP Request: POST https://api.telegram.org/bot8738956905:AAEXFFwtZLXljamxHaPP4srUGn4YBcns3O4/getUpdates "HTTP/1.1 200 OK"
2026-05-19 12:09:12,121 | INFO | HTTP Request: POST https://api.telegram.org/bot8738956905:AAEXFFwtZLXljamxHaPP4srUGn4YBcns3O4/getUpdates "HTTP/1.1 200 OK"
2026-05-19 12:09:22,195 | INFO | HTTP Request: POST https://api.telegram.org/bot8738956905:AAEXFFwtZLXljamxHaPP4srUGn4YBcns3O4/getUpdates "HTTP/1.1 200 OK"
2026-05-19 12:09:32,311 | INFO | HTTP Request: POST https://api.telegram.org/bot8738956905:AAEXFFwtZLXljamxHaPP4srUGn4YBcns3O4/getUpdates "HTTP/1.1 200 OK"
2026-05-19 12:09:42,386 | INFO | HTTP Request: POST https://api.telegram.org/bot8738956905:AAEXFFwtZLXljamxHaPP4srUGn4YBcns3O4/getUpdates "HTTP/1.1 200 OK"
2026-05-19 12:09:52,456 | INFO | HTTP Request: POST https://api.telegram.org/bot8738956905:AAEXFFwtZLXljamxHaPP4srUGn4YBcns3O4/getUpdates "HTTP/1.1 200 OK"
2026-05-19 12:10:02,620 | INFO | HTTP Request: POST https://api.telegram.org/bot8738956905:AAEXFFwtZLXljamxHaPP4srUGn4YBcns3O4/getUpdates "HTTP/1.1 200 OK"
2026-05-19 12:10:12,753 | INFO | HTTP Request: POST https://api.telegram.org/bot8738956905:AAEXFFwtZLXljamxHaPP4srUGn4YBcns3O4/getUpdates "HTTP/1.1 200 OK"
2026-05-19 12:10:22,824 | INFO | HTTP Request: POST https://api.telegram.org/bot8738956905:AAEXFFwtZLXljamxHaPP4srUGn4YBcns3O4/getUpdates "HTTP/1.1 200 OK"
2026-05-19 12:10:32,927 | INFO | HTTP Request: POST https://api.telegram.org/bot8738956905:AAEXFFwtZLXljamxHaPP4srUGn4YBcns3O4/getUpdates "HTTP/1.1 200 OK"
2026-05-19 12:10:42,999 | INFO | HTTP Request: POST https://api.telegram.org/bot8738956905:AAEXFFwtZLXljamxHaPP4srUGn4YBcns3O4/getUpdates "HTTP/1.1 200 OK"
2026-05-19 12:10:53,089 | INFO | HTTP Request: POST https://api.telegram.org/bot8738956905:AAEXFFwtZLXljamxHaPP4srUGn4YBcns3O4/getUpdates "HTTP/1.1 200 OK"
2026-05-19 12:11:03,182 | INFO | HTTP Request: POST https://api.telegram.org/bot8738956905:AAEXFFwtZLXljamxHaPP4srUGn4YBcns3O4/getUpdates "HTTP/1.1 200 OK"
2026-05-19 12:11:13,252 | INFO | HTTP Request: POST https://api.telegram.org/bot8738956905:AAEXFFwtZLXljamxHaPP4srUGn4YBcns3O4/getUpdates "HTTP/1.1 200 OK"
2026-05-19 12:11:23,414 | INFO | HTTP Request: POST https://api.telegram.org/bot8738956905:AAEXFFwtZLXljamxHaPP4srUGn4YBcns3O4/getUpdates "HTTP/1.1 200 OK"
2026-05-19 12:11:33,551 | INFO | HTTP Request: POST https://api.telegram.org/bot8738956905:AAEXFFwtZLXljamxHaPP4srUGn4YBcns3O4/getUpdates "HTTP/1.1 200 OK"
2026-05-19 12:11:43,620 | INFO | HTTP Request: POST https://api.telegram.org/bot8738956905:AAEXFFwtZLXljamxHaPP4srUGn4YBcns3O4/getUpdates "HTTP/1.1 200 OK"
2026-05-19 12:11:53,729 | INFO | HTTP Request: POST https://api.telegram.org/bot8738956905:AAEXFFwtZLXljamxHaPP4srUGn4YBcns3O4/getUpdates "HTTP/1.1 200 OK"
2026-05-19 12:12:03,870 | INFO | HTTP Request: POST https://api.telegram.org/bot8738956905:AAEXFFwtZLXljamxHaPP4srUGn4YBcns3O4/getUpdates "HTTP/1.1 200 OK"
2026-05-19 12:12:13,940 | INFO | HTTP Request: POST https://api.telegram.org/bot8738956905:AAEXFFwtZLXljamxHaPP4srUGn4YBcns3O4/getUpdates "HTTP/1.1 200 OK"
2026-05-19 12:12:24,010 | INFO | HTTP Request: POST https://api.telegram.org/bot8738956905:AAEXFFwtZLXljamxHaPP4srUGn4YBcns3O4/getUpdates "HTTP/1.1 200 OK"
2026-05-19 12:12:34,173 | INFO | HTTP Request: POST https://api.telegram.org/bot8738956905:AAEXFFwtZLXljamxHaPP4srUGn4YBcns3O4/getUpdates "HTTP/1.1 200 OK"
2026-05-19 12:12:44,311 | INFO | HTTP Request: POST https://api.telegram.org/bot8738956905:AAEXFFwtZLXljamxHaPP4srUGn4YBcns3O4/getUpdates "HTTP/1.1 200 OK"
2026-05-19 12:12:54,449 | INFO | HTTP Request: POST https://api.telegram.org/bot8738956905:AAEXFFwtZLXljamxHaPP4srUGn4YBcns3O4/getUpdates "HTTP/1.1 200 OK"
2026-05-19 12:13:04,586 | INFO | HTTP Request: POST https://api.telegram.org/bot8738956905:AAEXFFwtZLXljamxHaPP4srUGn4YBcns3O4/getUpdates "HTTP/1.1 200 OK"
2026-05-19 12:13:14,665 | INFO | HTTP Request: POST https://api.telegram.org/bot8738956905:AAEXFFwtZLXljamxHaPP4srUGn4YBcns3O4/getUpdates "HTTP/1.1 200 OK"
2026-05-19 12:13:24,761 | INFO | HTTP Request: POST https://api.telegram.org/bot8738956905:AAEXFFwtZLXljamxHaPP4srUGn4YBcns3O4/getUpdates "HTTP/1.1 200 OK"
2026-05-19 12:13:34,899 | INFO | HTTP Request: POST https://api.telegram.org/bot8738956905:AAEXFFwtZLXljamxHaPP4srUGn4YBcns3O4/getUpdates "HTTP/1.1 200 OK"
2026-05-19 12:13:45,038 | INFO | HTTP Request: POST https://api.telegram.org/bot8738956905:AAEXFFwtZLXljamxHaPP4srUGn4YBcns3O4/getUpdates "HTTP/1.1 200 OK"
2026-05-19 12:13:55,174 | INFO | HTTP Request: POST https://api.telegram.org/bot8738956905:AAEXFFwtZLXljamxHaPP4srUGn4YBcns3O4/getUpdates "HTTP/1.1 200 OK"
2026-05-19 12:14:05,246 | INFO | HTTP Request: POST https://api.telegram.org/bot8738956905:AAEXFFwtZLXljamxHaPP4srUGn4YBcns3O4/getUpdates "HTTP/1.1 200 OK"
2026-05-19 12:14:08,558 | INFO | HTTP Request: POST https://api.telegram.org/bot8738956905:AAEXFFwtZLXljamxHaPP4srUGn4YBcns3O4/getUpdates "HTTP/1.1 200 OK"
2026-05-19 12:14:08,560 | INFO | Application is stopping. This might take a moment.
2026-05-19 12:14:08,560 | INFO | Scheduler has been shut down
2026-05-19 12:14:08,571 | INFO | Application.stop() complete
2026-05-19 12:14:08,599 | ERROR | Task was destroyed but it is pending!
task: <Task pending name='Task-5' coro=<debt_notifications_loop() running at /Users/olegvoropaev/Documents/Python/SNTBot/SNTTgBot/bot.py:544> wait_for=<Future pending cb=[Task.task_wakeup()]>>
2026-05-19 12:15:47,942 | INFO | Bot started
2026-05-19 12:15:48,180 | INFO | HTTP Request: POST https://api.telegram.org/bot8738956905:AAEXFFwtZLXljamxHaPP4srUGn4YBcns3O4/getMe "HTTP/1.1 200 OK"
2026-05-19 12:15:48,188 | INFO | Database initialized
2026-05-19 12:15:48,261 | INFO | HTTP Request: POST https://api.telegram.org/bot8738956905:AAEXFFwtZLXljamxHaPP4srUGn4YBcns3O4/deleteWebhook "HTTP/1.1 200 OK"
2026-05-19 12:15:48,263 | INFO | Scheduler started
2026-05-19 12:15:48,264 | INFO | Application started
2026-05-19 12:15:48,492 | INFO | HTTP Request: POST https://api.telegram.org/bot8738956905:AAEXFFwtZLXljamxHaPP4srUGn4YBcns3O4/getUpdates "HTTP/1.1 200 OK"
2026-05-19 12:15:53,022 | INFO | HTTP Request: POST https://api.telegram.org/bot8738956905:AAEXFFwtZLXljamxHaPP4srUGn4YBcns3O4/getUpdates "HTTP/1.1 200 OK"
2026-05-19 12:16:03,097 | INFO | HTTP Request: POST https://api.telegram.org/bot8738956905:AAEXFFwtZLXljamxHaPP4srUGn4YBcns3O4/getUpdates "HTTP/1.1 200 OK"
2026-05-19 12:16:12,712 | INFO | HTTP Request: POST https://api.telegram.org/bot8738956905:AAEXFFwtZLXljamxHaPP4srUGn4YBcns3O4/getUpdates "HTTP/1.1 200 OK"
2026-05-19 12:16:13,014 | INFO | HTTP Request: POST https://api.telegram.org/bot8738956905:AAEXFFwtZLXljamxHaPP4srUGn4YBcns3O4/sendMessage "HTTP/1.1 200 OK"
2026-05-19 12:16:16,932 | INFO | HTTP Request: POST https://api.telegram.org/bot8738956905:AAEXFFwtZLXljamxHaPP4srUGn4YBcns3O4/getUpdates "HTTP/1.1 200 OK"
2026-05-19 12:16:17,103 | INFO | HTTP Request: POST https://api.telegram.org/bot8738956905:AAEXFFwtZLXljamxHaPP4srUGn4YBcns3O4/sendMessage "HTTP/1.1 200 OK"
2026-05-19 12:16:17,328 | INFO | HTTP Request: POST https://api.telegram.org/bot8738956905:AAEXFFwtZLXljamxHaPP4srUGn4YBcns3O4/sendMessage "HTTP/1.1 200 OK"
2026-05-19 12:16:27,010 | INFO | HTTP Request: POST https://api.telegram.org/bot8738956905:AAEXFFwtZLXljamxHaPP4srUGn4YBcns3O4/getUpdates "HTTP/1.1 200 OK"
2026-05-19 12:16:27,321 | INFO | HTTP Request: POST https://api.telegram.org/bot8738956905:AAEXFFwtZLXljamxHaPP4srUGn4YBcns3O4/getUpdates "HTTP/1.1 200 OK"
2026-05-19 12:16:27,588 | INFO | HTTP Request: POST https://api.telegram.org/bot8738956905:AAEXFFwtZLXljamxHaPP4srUGn4YBcns3O4/sendMessage "HTTP/1.1 200 OK"
2026-05-19 12:16:27,692 | INFO | HTTP Request: POST https://api.telegram.org/bot8738956905:AAEXFFwtZLXljamxHaPP4srUGn4YBcns3O4/sendMessage "HTTP/1.1 200 OK"
2026-05-19 12:16:37,474 | INFO | HTTP Request: POST https://api.telegram.org/bot8738956905:AAEXFFwtZLXljamxHaPP4srUGn4YBcns3O4/getUpdates "HTTP/1.1 200 OK"
2026-05-19 12:16:39,860 | INFO | HTTP Request: POST https://api.telegram.org/bot8738956905:AAEXFFwtZLXljamxHaPP4srUGn4YBcns3O4/getUpdates "HTTP/1.1 200 OK"
2026-05-19 12:16:40,136 | INFO | HTTP Request: POST https://api.telegram.org/bot8738956905:AAEXFFwtZLXljamxHaPP4srUGn4YBcns3O4/sendMessage "HTTP/1.1 200 OK"
2026-05-19 12:16:41,804 | INFO | HTTP Request: POST https://api.telegram.org/bot8738956905:AAEXFFwtZLXljamxHaPP4srUGn4YBcns3O4/sendMessage "HTTP/1.1 200 OK"
2026-05-19 12:16:49,076 | INFO | HTTP Request: POST https://api.telegram.org/bot8738956905:AAEXFFwtZLXljamxHaPP4srUGn4YBcns3O4/getUpdates "HTTP/1.1 200 OK"
2026-05-19 12:16:50,345 | INFO | HTTP Request: POST https://api.telegram.org/bot8738956905:AAEXFFwtZLXljamxHaPP4srUGn4YBcns3O4/sendMessage "HTTP/1.1 200 OK"
2026-05-19 12:16:59,184 | INFO | HTTP Request: POST https://api.telegram.org/bot8738956905:AAEXFFwtZLXljamxHaPP4srUGn4YBcns3O4/getUpdates "HTTP/1.1 200 OK"
2026-05-19 12:17:09,323 | INFO | HTTP Request: POST https://api.telegram.org/bot8738956905:AAEXFFwtZLXljamxHaPP4srUGn4YBcns3O4/getUpdates "HTTP/1.1 200 OK"
2026-05-19 12:17:19,407 | INFO | HTTP Request: POST https://api.telegram.org/bot8738956905:AAEXFFwtZLXljamxHaPP4srUGn4YBcns3O4/getUpdates "HTTP/1.1 200 OK"
2026-05-19 12:17:29,477 | INFO | HTTP Request: POST https://api.telegram.org/bot8738956905:AAEXFFwtZLXljamxHaPP4srUGn4YBcns3O4/getUpdates "HTTP/1.1 200 OK"
2026-05-19 12:17:33,588 | INFO | HTTP Request: POST https://api.telegram.org/bot8738956905:AAEXFFwtZLXljamxHaPP4srUGn4YBcns3O4/getUpdates "HTTP/1.1 200 OK"
2026-05-19 12:17:33,590 | INFO | Application is stopping. This might take a moment.
2026-05-19 12:17:33,590 | INFO | Scheduler has been shut down
2026-05-19 12:17:33,601 | INFO | Application.stop() complete
2026-05-19 12:17:33,629 | ERROR | Task was destroyed but it is pending!
task: <Task pending name='Task-5' coro=<debt_notifications_loop() running at /Users/olegvoropaev/Documents/Python/SNTBot/SNTTgBot/bot.py:544> wait_for=<Future pending cb=[Task.task_wakeup()]>>
2026-05-19 12:37:32,398 | INFO | Bot started
2026-05-19 12:37:32,685 | INFO | HTTP Request: POST https://api.telegram.org/bot8738956905:AAEXFFwtZLXljamxHaPP4srUGn4YBcns3O4/getMe "HTTP/1.1 200 OK"
2026-05-19 12:37:32,694 | INFO | Database initialized
2026-05-19 12:37:32,759 | INFO | HTTP Request: POST https://api.telegram.org/bot8738956905:AAEXFFwtZLXljamxHaPP4srUGn4YBcns3O4/deleteWebhook "HTTP/1.1 200 OK"
2026-05-19 12:37:32,762 | INFO | Scheduler started
2026-05-19 12:37:32,762 | INFO | Application started
2026-05-19 12:37:43,060 | INFO | HTTP Request: POST https://api.telegram.org/bot8738956905:AAEXFFwtZLXljamxHaPP4srUGn4YBcns3O4/getUpdates "HTTP/1.1 200 OK"
2026-05-19 12:37:48,715 | INFO | HTTP Request: POST https://api.telegram.org/bot8738956905:AAEXFFwtZLXljamxHaPP4srUGn4YBcns3O4/getUpdates "HTTP/1.1 200 OK"
2026-05-19 12:37:49,061 | INFO | HTTP Request: POST https://api.telegram.org/bot8738956905:AAEXFFwtZLXljamxHaPP4srUGn4YBcns3O4/sendMessage "HTTP/1.1 200 OK"
2026-05-19 12:37:54,954 | INFO | HTTP Request: POST https://api.telegram.org/bot8738956905:AAEXFFwtZLXljamxHaPP4srUGn4YBcns3O4/getUpdates "HTTP/1.1 200 OK"
2026-05-19 12:37:55,235 | INFO | HTTP Request: POST https://api.telegram.org/bot8738956905:AAEXFFwtZLXljamxHaPP4srUGn4YBcns3O4/sendMessage "HTTP/1.1 200 OK"
2026-05-19 12:37:55,354 | INFO | HTTP Request: POST https://api.telegram.org/bot8738956905:AAEXFFwtZLXljamxHaPP4srUGn4YBcns3O4/sendMessage "HTTP/1.1 200 OK"
2026-05-19 12:38:01,788 | INFO | HTTP Request: POST https://api.telegram.org/bot8738956905:AAEXFFwtZLXljamxHaPP4srUGn4YBcns3O4/getUpdates "HTTP/1.1 200 OK"
2026-05-19 12:38:03,423 | INFO | HTTP Request: POST https://api.telegram.org/bot8738956905:AAEXFFwtZLXljamxHaPP4srUGn4YBcns3O4/sendMessage "HTTP/1.1 200 OK"
2026-05-19 12:38:06,109 | INFO | HTTP Request: POST https://api.telegram.org/bot8738956905:AAEXFFwtZLXljamxHaPP4srUGn4YBcns3O4/getUpdates "HTTP/1.1 200 OK"
2026-05-19 12:38:06,196 | INFO | HTTP Request: POST https://api.telegram.org/bot8738956905:AAEXFFwtZLXljamxHaPP4srUGn4YBcns3O4/sendMessage "HTTP/1.1 200 OK"
2026-05-19 12:38:07,344 | INFO | HTTP Request: POST https://api.telegram.org/bot8738956905:AAEXFFwtZLXljamxHaPP4srUGn4YBcns3O4/sendMessage "HTTP/1.1 200 OK"
2026-05-19 12:38:11,883 | INFO | HTTP Request: POST https://api.telegram.org/bot8738956905:AAEXFFwtZLXljamxHaPP4srUGn4YBcns3O4/getUpdates "HTTP/1.1 200 OK"
2026-05-19 12:38:11,980 | INFO | HTTP Request: POST https://api.telegram.org/bot8738956905:AAEXFFwtZLXljamxHaPP4srUGn4YBcns3O4/sendMessage "HTTP/1.1 200 OK"
2026-05-19 12:38:21,193 | INFO | HTTP Request: POST https://api.telegram.org/bot8738956905:AAEXFFwtZLXljamxHaPP4srUGn4YBcns3O4/getUpdates "HTTP/1.1 200 OK"
2026-05-19 12:38:21,437 | INFO | HTTP Request: POST https://api.telegram.org/bot8738956905:AAEXFFwtZLXljamxHaPP4srUGn4YBcns3O4/sendMessage "HTTP/1.1 200 OK"
2026-05-19 12:38:23,210 | INFO | HTTP Request: POST https://api.telegram.org/bot8738956905:AAEXFFwtZLXljamxHaPP4srUGn4YBcns3O4/getUpdates "HTTP/1.1 200 OK"
2026-05-19 12:38:27,836 | INFO | HTTP Request: POST https://api.telegram.org/bot8738956905:AAEXFFwtZLXljamxHaPP4srUGn4YBcns3O4/getUpdates "HTTP/1.1 200 OK"
2026-05-19 12:38:37,906 | INFO | HTTP Request: POST https://api.telegram.org/bot8738956905:AAEXFFwtZLXljamxHaPP4srUGn4YBcns3O4/getUpdates "HTTP/1.1 200 OK"
2026-05-19 12:38:48,114 | INFO | HTTP Request: POST https://api.telegram.org/bot8738956905:AAEXFFwtZLXljamxHaPP4srUGn4YBcns3O4/getUpdates "HTTP/1.1 200 OK"
2026-05-19 12:38:53,207 | INFO | HTTP Request: POST https://api.telegram.org/bot8738956905:AAEXFFwtZLXljamxHaPP4srUGn4YBcns3O4/getUpdates "HTTP/1.1 200 OK"
2026-05-19 12:38:53,208 | INFO | Application is stopping. This might take a moment.
2026-05-19 12:38:53,208 | INFO | Scheduler has been shut down
2026-05-19 12:38:53,219 | INFO | Application.stop() complete
2026-05-19 12:57:48,875 | INFO | Bot started
2026-05-19 12:57:49,175 | INFO | HTTP Request: POST https://api.telegram.org/bot8738956905:AAEXFFwtZLXljamxHaPP4srUGn4YBcns3O4/getMe "HTTP/1.1 200 OK"
2026-05-19 12:57:49,184 | INFO | Database initialized
2026-05-19 12:57:49,252 | INFO | HTTP Request: POST https://api.telegram.org/bot8738956905:AAEXFFwtZLXljamxHaPP4srUGn4YBcns3O4/deleteWebhook "HTTP/1.1 200 OK"
2026-05-19 12:57:49,255 | INFO | Scheduler started
2026-05-19 12:57:49,255 | INFO | Application started
2026-05-19 12:57:59,498 | INFO | HTTP Request: POST https://api.telegram.org/bot8738956905:AAEXFFwtZLXljamxHaPP4srUGn4YBcns3O4/getUpdates "HTTP/1.1 200 OK"
2026-05-19 12:58:02,042 | INFO | HTTP Request: POST https://api.telegram.org/bot8738956905:AAEXFFwtZLXljamxHaPP4srUGn4YBcns3O4/getUpdates "HTTP/1.1 200 OK"
2026-05-19 12:58:02,360 | INFO | HTTP Request: POST https://api.telegram.org/bot8738956905:AAEXFFwtZLXljamxHaPP4srUGn4YBcns3O4/sendMessage "HTTP/1.1 200 OK"
2026-05-19 12:58:07,265 | INFO | HTTP Request: POST https://api.telegram.org/bot8738956905:AAEXFFwtZLXljamxHaPP4srUGn4YBcns3O4/getUpdates "HTTP/1.1 200 OK"
2026-05-19 12:58:07,398 | INFO | HTTP Request: POST https://api.telegram.org/bot8738956905:AAEXFFwtZLXljamxHaPP4srUGn4YBcns3O4/sendMessage "HTTP/1.1 200 OK"
2026-05-19 12:58:17,332 | INFO | HTTP Request: POST https://api.telegram.org/bot8738956905:AAEXFFwtZLXljamxHaPP4srUGn4YBcns3O4/getUpdates "HTTP/1.1 200 OK"
2026-05-19 12:58:17,581 | INFO | HTTP Request: POST https://api.telegram.org/bot8738956905:AAEXFFwtZLXljamxHaPP4srUGn4YBcns3O4/getUpdates "HTTP/1.1 200 OK"
2026-05-19 12:58:27,653 | INFO | HTTP Request: POST https://api.telegram.org/bot8738956905:AAEXFFwtZLXljamxHaPP4srUGn4YBcns3O4/getUpdates "HTTP/1.1 200 OK"
2026-05-19 12:58:37,720 | INFO | HTTP Request: POST https://api.telegram.org/bot8738956905:AAEXFFwtZLXljamxHaPP4srUGn4YBcns3O4/getUpdates "HTTP/1.1 200 OK"
2026-05-19 12:58:47,788 | INFO | HTTP Request: POST https://api.telegram.org/bot8738956905:AAEXFFwtZLXljamxHaPP4srUGn4YBcns3O4/getUpdates "HTTP/1.1 200 OK"
2026-05-19 12:58:57,962 | INFO | HTTP Request: POST https://api.telegram.org/bot8738956905:AAEXFFwtZLXljamxHaPP4srUGn4YBcns3O4/getUpdates "HTTP/1.1 200 OK"
2026-05-19 12:59:08,100 | INFO | HTTP Request: POST https://api.telegram.org/bot8738956905:AAEXFFwtZLXljamxHaPP4srUGn4YBcns3O4/getUpdates "HTTP/1.1 200 OK"
2026-05-19 12:59:18,238 | INFO | HTTP Request: POST https://api.telegram.org/bot8738956905:AAEXFFwtZLXljamxHaPP4srUGn4YBcns3O4/getUpdates "HTTP/1.1 200 OK"
2026-05-19 12:59:28,346 | INFO | HTTP Request: POST https://api.telegram.org/bot8738956905:AAEXFFwtZLXljamxHaPP4srUGn4YBcns3O4/getUpdates "HTTP/1.1 200 OK"
2026-05-19 12:59:38,418 | INFO | HTTP Request: POST https://api.telegram.org/bot8738956905:AAEXFFwtZLXljamxHaPP4srUGn4YBcns3O4/getUpdates "HTTP/1.1 200 OK"
2026-05-19 12:59:48,530 | INFO | HTTP Request: POST https://api.telegram.org/bot8738956905:AAEXFFwtZLXljamxHaPP4srUGn4YBcns3O4/getUpdates "HTTP/1.1 200 OK"
2026-05-19 12:59:58,597 | INFO | HTTP Request: POST https://api.telegram.org/bot8738956905:AAEXFFwtZLXljamxHaPP4srUGn4YBcns3O4/getUpdates "HTTP/1.1 200 OK"
2026-05-19 12:59:59,030 | INFO | HTTP Request: POST https://api.telegram.org/bot8738956905:AAEXFFwtZLXljamxHaPP4srUGn4YBcns3O4/getUpdates "HTTP/1.1 200 OK"
2026-05-19 13:00:02,845 | INFO | HTTP Request: POST https://api.telegram.org/bot8738956905:AAEXFFwtZLXljamxHaPP4srUGn4YBcns3O4/getUpdates "HTTP/1.1 200 OK"
2026-05-19 13:00:12,802 | INFO | HTTP Request: POST https://api.telegram.org/bot8738956905:AAEXFFwtZLXljamxHaPP4srUGn4YBcns3O4/getUpdates "HTTP/1.1 200 OK"
2026-05-19 13:00:12,803 | INFO | Application is stopping. This might take a moment.
2026-05-19 13:00:12,804 | INFO | Scheduler has been shut down
2026-05-19 13:00:12,815 | INFO | Application.stop() complete
2026-05-19 13:00:32,512 | INFO | Bot started
2026-05-19 13:00:32,749 | INFO | HTTP Request: POST https://api.telegram.org/bot8738956905:AAEXFFwtZLXljamxHaPP4srUGn4YBcns3O4/getMe "HTTP/1.1 200 OK"
2026-05-19 13:00:32,755 | INFO | Database initialized
2026-05-19 13:00:32,819 | INFO | HTTP Request: POST https://api.telegram.org/bot8738956905:AAEXFFwtZLXljamxHaPP4srUGn4YBcns3O4/deleteWebhook "HTTP/1.1 200 OK"
2026-05-19 13:00:32,822 | INFO | Scheduler started
2026-05-19 13:00:32,822 | INFO | Application started
2026-05-19 13:00:38,351 | INFO | HTTP Request: POST https://api.telegram.org/bot8738956905:AAEXFFwtZLXljamxHaPP4srUGn4YBcns3O4/getUpdates "HTTP/1.1 200 OK"
2026-05-19 13:00:38,606 | INFO | HTTP Request: POST https://api.telegram.org/bot8738956905:AAEXFFwtZLXljamxHaPP4srUGn4YBcns3O4/sendMessage "HTTP/1.1 200 OK"
2026-05-19 13:00:43,073 | INFO | HTTP Request: POST https://api.telegram.org/bot8738956905:AAEXFFwtZLXljamxHaPP4srUGn4YBcns3O4/getUpdates "HTTP/1.1 200 OK"
2026-05-19 13:00:43,167 | INFO | HTTP Request: POST https://api.telegram.org/bot8738956905:AAEXFFwtZLXljamxHaPP4srUGn4YBcns3O4/sendMessage "HTTP/1.1 200 OK"
2026-05-19 13:00:53,165 | INFO | HTTP Request: POST https://api.telegram.org/bot8738956905:AAEXFFwtZLXljamxHaPP4srUGn4YBcns3O4/getUpdates "HTTP/1.1 200 OK"
2026-05-19 13:00:58,183 | INFO | HTTP Request: POST https://api.telegram.org/bot8738956905:AAEXFFwtZLXljamxHaPP4srUGn4YBcns3O4/getUpdates "HTTP/1.1 200 OK"
2026-05-19 13:00:58,184 | INFO | Application is stopping. This might take a moment.
2026-05-19 13:00:58,185 | INFO | Scheduler has been shut down
2026-05-19 13:00:58,196 | INFO | Application.stop() complete
2026-05-19 13:03:51,044 | INFO | Bot started
2026-05-19 13:03:51,266 | INFO | HTTP Request: POST https://api.telegram.org/bot8738956905:AAEXFFwtZLXljamxHaPP4srUGn4YBcns3O4/getMe "HTTP/1.1 200 OK"
2026-05-19 13:03:51,269 | INFO | Database initialized
2026-05-19 13:03:51,337 | INFO | HTTP Request: POST https://api.telegram.org/bot8738956905:AAEXFFwtZLXljamxHaPP4srUGn4YBcns3O4/deleteWebhook "HTTP/1.1 200 OK"
2026-05-19 13:03:51,339 | INFO | Scheduler started
2026-05-19 13:03:51,339 | INFO | Application started
2026-05-19 13:04:01,584 | INFO | HTTP Request: POST https://api.telegram.org/bot8738956905:AAEXFFwtZLXljamxHaPP4srUGn4YBcns3O4/getUpdates "HTTP/1.1 200 OK"
2026-05-19 13:04:02,229 | INFO | HTTP Request: POST https://api.telegram.org/bot8738956905:AAEXFFwtZLXljamxHaPP4srUGn4YBcns3O4/getUpdates "HTTP/1.1 200 OK"
2026-05-19 13:04:02,514 | INFO | HTTP Request: POST https://api.telegram.org/bot8738956905:AAEXFFwtZLXljamxHaPP4srUGn4YBcns3O4/sendMessage "HTTP/1.1 200 OK"
2026-05-19 13:04:06,176 | INFO | HTTP Request: POST https://api.telegram.org/bot8738956905:AAEXFFwtZLXljamxHaPP4srUGn4YBcns3O4/getUpdates "HTTP/1.1 200 OK"
2026-05-19 13:04:06,300 | INFO | HTTP Request: POST https://api.telegram.org/bot8738956905:AAEXFFwtZLXljamxHaPP4srUGn4YBcns3O4/sendMessage "HTTP/1.1 200 OK"
2026-05-19 13:04:16,250 | INFO | HTTP Request: POST https://api.telegram.org/bot8738956905:AAEXFFwtZLXljamxHaPP4srUGn4YBcns3O4/getUpdates "HTTP/1.1 200 OK"
2026-05-19 13:04:21,670 | INFO | HTTP Request: POST https://api.telegram.org/bot8738956905:AAEXFFwtZLXljamxHaPP4srUGn4YBcns3O4/getUpdates "HTTP/1.1 200 OK"
2026-05-19 13:04:21,671 | INFO | Application is stopping. This might take a moment.
2026-05-19 13:04:21,672 | INFO | Scheduler has been shut down
2026-05-19 13:04:21,683 | INFO | Application.stop() complete
2026-05-19 13:07:35,813 | INFO | Bot started
2026-05-19 13:07:36,081 | INFO | HTTP Request: POST https://api.telegram.org/bot8738956905:AAEXFFwtZLXljamxHaPP4srUGn4YBcns3O4/getMe "HTTP/1.1 200 OK"
2026-05-19 13:07:36,089 | INFO | Database initialized
2026-05-19 13:07:36,155 | INFO | HTTP Request: POST https://api.telegram.org/bot8738956905:AAEXFFwtZLXljamxHaPP4srUGn4YBcns3O4/deleteWebhook "HTTP/1.1 200 OK"
2026-05-19 13:07:36,158 | INFO | Scheduler started
2026-05-19 13:07:36,158 | INFO | Application started
2026-05-19 13:07:46,459 | INFO | HTTP Request: POST https://api.telegram.org/bot8738956905:AAEXFFwtZLXljamxHaPP4srUGn4YBcns3O4/getUpdates "HTTP/1.1 200 OK"
2026-05-19 13:07:51,546 | INFO | HTTP Request: POST https://api.telegram.org/bot8738956905:AAEXFFwtZLXljamxHaPP4srUGn4YBcns3O4/getUpdates "HTTP/1.1 200 OK"
2026-05-19 13:07:51,802 | INFO | HTTP Request: POST https://api.telegram.org/bot8738956905:AAEXFFwtZLXljamxHaPP4srUGn4YBcns3O4/sendMessage "HTTP/1.1 200 OK"
2026-05-19 13:07:55,999 | INFO | HTTP Request: POST https://api.telegram.org/bot8738956905:AAEXFFwtZLXljamxHaPP4srUGn4YBcns3O4/getUpdates "HTTP/1.1 200 OK"
2026-05-19 13:07:56,099 | INFO | HTTP Request: POST https://api.telegram.org/bot8738956905:AAEXFFwtZLXljamxHaPP4srUGn4YBcns3O4/sendMessage "HTTP/1.1 200 OK"
2026-05-19 13:08:06,068 | INFO | HTTP Request: POST https://api.telegram.org/bot8738956905:AAEXFFwtZLXljamxHaPP4srUGn4YBcns3O4/getUpdates "HTTP/1.1 200 OK"
2026-05-19 13:08:16,155 | INFO | HTTP Request: POST https://api.telegram.org/bot8738956905:AAEXFFwtZLXljamxHaPP4srUGn4YBcns3O4/getUpdates "HTTP/1.1 200 OK"
2026-05-19 13:08:26,293 | INFO | HTTP Request: POST https://api.telegram.org/bot8738956905:AAEXFFwtZLXljamxHaPP4srUGn4YBcns3O4/getUpdates "HTTP/1.1 200 OK"
2026-05-19 13:08:31,831 | INFO | HTTP Request: POST https://api.telegram.org/bot8738956905:AAEXFFwtZLXljamxHaPP4srUGn4YBcns3O4/getUpdates "HTTP/1.1 200 OK"
2026-05-19 13:08:31,833 | INFO | Application is stopping. This might take a moment.
2026-05-19 13:08:31,833 | INFO | Scheduler has been shut down
2026-05-19 13:08:31,844 | INFO | Application.stop() complete
2026-05-19 13:08:55,288 | INFO | Bot started
2026-05-19 13:08:55,499 | INFO | HTTP Request: POST https://api.telegram.org/bot8738956905:AAEXFFwtZLXljamxHaPP4srUGn4YBcns3O4/getMe "HTTP/1.1 200 OK"
2026-05-19 13:08:55,501 | INFO | Database initialized
2026-05-19 13:08:55,569 | INFO | HTTP Request: POST https://api.telegram.org/bot8738956905:AAEXFFwtZLXljamxHaPP4srUGn4YBcns3O4/deleteWebhook "HTTP/1.1 200 OK"
2026-05-19 13:08:55,571 | INFO | Scheduler started
2026-05-19 13:08:55,571 | INFO | Application started
2026-05-19 13:09:05,780 | INFO | HTTP Request: POST https://api.telegram.org/bot8738956905:AAEXFFwtZLXljamxHaPP4srUGn4YBcns3O4/getUpdates "HTTP/1.1 200 OK"
2026-05-19 13:09:05,845 | INFO | HTTP Request: POST https://api.telegram.org/bot8738956905:AAEXFFwtZLXljamxHaPP4srUGn4YBcns3O4/getUpdates "HTTP/1.1 200 OK"
2026-05-19 13:09:06,095 | INFO | HTTP Request: POST https://api.telegram.org/bot8738956905:AAEXFFwtZLXljamxHaPP4srUGn4YBcns3O4/sendMessage "HTTP/1.1 200 OK"
2026-05-19 13:09:10,257 | INFO | HTTP Request: POST https://api.telegram.org/bot8738956905:AAEXFFwtZLXljamxHaPP4srUGn4YBcns3O4/getUpdates "HTTP/1.1 200 OK"
2026-05-19 13:09:10,383 | INFO | HTTP Request: POST https://api.telegram.org/bot8738956905:AAEXFFwtZLXljamxHaPP4srUGn4YBcns3O4/sendMessage "HTTP/1.1 200 OK"
2026-05-19 13:09:10,505 | INFO | HTTP Request: POST https://api.telegram.org/bot8738956905:AAEXFFwtZLXljamxHaPP4srUGn4YBcns3O4/sendMessage "HTTP/1.1 200 OK"
2026-05-19 13:09:14,871 | INFO | HTTP Request: POST https://api.telegram.org/bot8738956905:AAEXFFwtZLXljamxHaPP4srUGn4YBcns3O4/getUpdates "HTTP/1.1 200 OK"
2026-05-19 13:09:14,977 | INFO | HTTP Request: POST https://api.telegram.org/bot8738956905:AAEXFFwtZLXljamxHaPP4srUGn4YBcns3O4/sendMessage "HTTP/1.1 200 OK"
2026-05-19 13:09:17,220 | INFO | HTTP Request: POST https://api.telegram.org/bot8738956905:AAEXFFwtZLXljamxHaPP4srUGn4YBcns3O4/getUpdates "HTTP/1.1 200 OK"
2026-05-19 13:09:18,706 | INFO | HTTP Request: POST https://api.telegram.org/bot8738956905:AAEXFFwtZLXljamxHaPP4srUGn4YBcns3O4/sendMessage "HTTP/1.1 200 OK"
2026-05-19 13:09:20,632 | INFO | HTTP Request: POST https://api.telegram.org/bot8738956905:AAEXFFwtZLXljamxHaPP4srUGn4YBcns3O4/getUpdates "HTTP/1.1 200 OK"
2026-05-19 13:09:20,795 | INFO | HTTP Request: POST https://api.telegram.org/bot8738956905:AAEXFFwtZLXljamxHaPP4srUGn4YBcns3O4/sendMessage "HTTP/1.1 200 OK"
2026-05-19 13:09:21,787 | INFO | HTTP Request: POST https://api.telegram.org/bot8738956905:AAEXFFwtZLXljamxHaPP4srUGn4YBcns3O4/sendMessage "HTTP/1.1 200 OK"
2026-05-19 13:09:23,697 | INFO | HTTP Request: POST https://api.telegram.org/bot8738956905:AAEXFFwtZLXljamxHaPP4srUGn4YBcns3O4/getUpdates "HTTP/1.1 200 OK"
2026-05-19 13:09:23,793 | INFO | HTTP Request: POST https://api.telegram.org/bot8738956905:AAEXFFwtZLXljamxHaPP4srUGn4YBcns3O4/sendMessage "HTTP/1.1 200 OK"
2026-05-19 13:09:26,190 | INFO | HTTP Request: POST https://api.telegram.org/bot8738956905:AAEXFFwtZLXljamxHaPP4srUGn4YBcns3O4/getUpdates "HTTP/1.1 200 OK"
2026-05-19 13:09:26,335 | INFO | HTTP Request: POST https://api.telegram.org/bot8738956905:AAEXFFwtZLXljamxHaPP4srUGn4YBcns3O4/sendMessage "HTTP/1.1 200 OK"
2026-05-19 13:09:27,950 | INFO | HTTP Request: POST https://api.telegram.org/bot8738956905:AAEXFFwtZLXljamxHaPP4srUGn4YBcns3O4/getUpdates "HTTP/1.1 200 OK"
2026-05-19 13:09:29,585 | INFO | HTTP Request: POST https://api.telegram.org/bot8738956905:AAEXFFwtZLXljamxHaPP4srUGn4YBcns3O4/getUpdates "HTTP/1.1 200 OK"
2026-05-19 13:09:39,654 | INFO | HTTP Request: POST https://api.telegram.org/bot8738956905:AAEXFFwtZLXljamxHaPP4srUGn4YBcns3O4/getUpdates "HTTP/1.1 200 OK"
2026-05-19 13:09:44,684 | INFO | HTTP Request: POST https://api.telegram.org/bot8738956905:AAEXFFwtZLXljamxHaPP4srUGn4YBcns3O4/getUpdates "HTTP/1.1 200 OK"
2026-05-19 13:09:44,684 | INFO | Application is stopping. This might take a moment.
2026-05-19 13:09:44,684 | INFO | Scheduler has been shut down
2026-05-19 13:09:44,695 | INFO | Application.stop() complete
2026-05-19 13:20:48,421 | INFO | Bot started
2026-05-19 13:20:48,687 | INFO | HTTP Request: POST https://api.telegram.org/bot8738956905:AAEXFFwtZLXljamxHaPP4srUGn4YBcns3O4/getMe "HTTP/1.1 200 OK"
2026-05-19 13:20:48,698 | INFO | Database initialized
2026-05-19 13:20:48,774 | INFO | HTTP Request: POST https://api.telegram.org/bot8738956905:AAEXFFwtZLXljamxHaPP4srUGn4YBcns3O4/deleteWebhook "HTTP/1.1 200 OK"
2026-05-19 13:20:48,775 | INFO | Scheduler started
2026-05-19 13:20:48,775 | INFO | Application started
2026-05-19 13:20:58,995 | INFO | HTTP Request: POST https://api.telegram.org/bot8738956905:AAEXFFwtZLXljamxHaPP4srUGn4YBcns3O4/getUpdates "HTTP/1.1 200 OK"
2026-05-19 13:21:09,076 | INFO | HTTP Request: POST https://api.telegram.org/bot8738956905:AAEXFFwtZLXljamxHaPP4srUGn4YBcns3O4/getUpdates "HTTP/1.1 200 OK"
2026-05-19 13:21:10,742 | INFO | HTTP Request: POST https://api.telegram.org/bot8738956905:AAEXFFwtZLXljamxHaPP4srUGn4YBcns3O4/getUpdates "HTTP/1.1 200 OK"
2026-05-19 13:21:10,978 | INFO | HTTP Request: POST https://api.telegram.org/bot8738956905:AAEXFFwtZLXljamxHaPP4srUGn4YBcns3O4/sendMessage "HTTP/1.1 200 OK"
2026-05-19 13:21:15,575 | INFO | HTTP Request: POST https://api.telegram.org/bot8738956905:AAEXFFwtZLXljamxHaPP4srUGn4YBcns3O4/getUpdates "HTTP/1.1 200 OK"
2026-05-19 13:21:15,753 | INFO | HTTP Request: POST https://api.telegram.org/bot8738956905:AAEXFFwtZLXljamxHaPP4srUGn4YBcns3O4/sendMessage "HTTP/1.1 200 OK"
2026-05-19 13:21:15,910 | INFO | HTTP Request: POST https://api.telegram.org/bot8738956905:AAEXFFwtZLXljamxHaPP4srUGn4YBcns3O4/sendMessage "HTTP/1.1 200 OK"
2026-05-19 13:21:25,679 | INFO | HTTP Request: POST https://api.telegram.org/bot8738956905:AAEXFFwtZLXljamxHaPP4srUGn4YBcns3O4/getUpdates "HTTP/1.1 200 OK"
2026-05-19 13:21:30,951 | INFO | HTTP Request: POST https://api.telegram.org/bot8738956905:AAEXFFwtZLXljamxHaPP4srUGn4YBcns3O4/getUpdates "HTTP/1.1 200 OK"
2026-05-19 13:21:32,663 | INFO | HTTP Request: POST https://api.telegram.org/bot8738956905:AAEXFFwtZLXljamxHaPP4srUGn4YBcns3O4/sendPhoto "HTTP/1.1 200 OK"
2026-05-19 13:21:41,033 | INFO | HTTP Request: POST https://api.telegram.org/bot8738956905:AAEXFFwtZLXljamxHaPP4srUGn4YBcns3O4/getUpdates "HTTP/1.1 200 OK"
2026-05-19 13:21:42,052 | INFO | HTTP Request: POST https://api.telegram.org/bot8738956905:AAEXFFwtZLXljamxHaPP4srUGn4YBcns3O4/getUpdates "HTTP/1.1 200 OK"
2026-05-19 13:21:43,561 | INFO | HTTP Request: POST https://api.telegram.org/bot8738956905:AAEXFFwtZLXljamxHaPP4srUGn4YBcns3O4/sendMessage "HTTP/1.1 200 OK"
2026-05-19 13:21:46,707 | INFO | HTTP Request: POST https://api.telegram.org/bot8738956905:AAEXFFwtZLXljamxHaPP4srUGn4YBcns3O4/getUpdates "HTTP/1.1 200 OK"
2026-05-19 13:21:46,888 | INFO | HTTP Request: POST https://api.telegram.org/bot8738956905:AAEXFFwtZLXljamxHaPP4srUGn4YBcns3O4/sendMessage "HTTP/1.1 200 OK"
2026-05-19 13:21:56,171 | INFO | HTTP Request: POST https://api.telegram.org/bot8738956905:AAEXFFwtZLXljamxHaPP4srUGn4YBcns3O4/getUpdates "HTTP/1.1 200 OK"
2026-05-19 13:21:56,429 | INFO | HTTP Request: POST https://api.telegram.org/bot8738956905:AAEXFFwtZLXljamxHaPP4srUGn4YBcns3O4/sendMessage "HTTP/1.1 200 OK"
2026-05-19 13:21:57,772 | INFO | HTTP Request: POST https://api.telegram.org/bot8738956905:AAEXFFwtZLXljamxHaPP4srUGn4YBcns3O4/deleteMessage "HTTP/1.1 200 OK"
2026-05-19 13:21:57,903 | INFO | HTTP Request: POST https://api.telegram.org/bot8738956905:AAEXFFwtZLXljamxHaPP4srUGn4YBcns3O4/sendMessage "HTTP/1.1 200 OK"
2026-05-19 13:22:00,626 | INFO | HTTP Request: POST https://api.telegram.org/bot8738956905:AAEXFFwtZLXljamxHaPP4srUGn4YBcns3O4/getUpdates "HTTP/1.1 200 OK"
2026-05-19 13:22:00,720 | INFO | HTTP Request: POST https://api.telegram.org/bot8738956905:AAEXFFwtZLXljamxHaPP4srUGn4YBcns3O4/sendMessage "HTTP/1.1 200 OK"
2026-05-19 13:22:03,998 | INFO | HTTP Request: POST https://api.telegram.org/bot8738956905:AAEXFFwtZLXljamxHaPP4srUGn4YBcns3O4/getUpdates "HTTP/1.1 200 OK"
2026-05-19 13:22:04,114 | INFO | HTTP Request: POST https://api.telegram.org/bot8738956905:AAEXFFwtZLXljamxHaPP4srUGn4YBcns3O4/answerCallbackQuery "HTTP/1.1 200 OK"
2026-05-19 13:22:04,190 | INFO | HTTP Request: POST https://api.telegram.org/bot8738956905:AAEXFFwtZLXljamxHaPP4srUGn4YBcns3O4/sendMessage "HTTP/1.1 400 Bad Request"
2026-05-19 13:22:04,191 | ERROR | No error handlers are registered, logging exception.
Traceback (most recent call last):
  File "/Library/Frameworks/Python.framework/Versions/3.13/lib/python3.13/site-packages/telegram/ext/_application.py", line 1315, in process_update
    await coroutine
  File "/Library/Frameworks/Python.framework/Versions/3.13/lib/python3.13/site-packages/telegram/ext/_handlers/basehandler.py", line 159, in handle_update
    return await self.callback(update, context)
           ^^^^^^^^^^^^^^^^^^^^^^^^^^^^^^^^^^^^
  File "/Users/olegvoropaev/Documents/Python/SNTBot/SNTTgBot/bot.py", line 884, in gate_call_callback
    await query.message.reply_text(
    ...<6 lines>...
    )
  File "/Library/Frameworks/Python.framework/Versions/3.13/lib/python3.13/site-packages/telegram/_message.py", line 2106, in reply_text
    return await self.get_bot().send_message(
           ^^^^^^^^^^^^^^^^^^^^^^^^^^^^^^^^^^
    ...<21 lines>...
    )
    ^
  File "/Library/Frameworks/Python.framework/Versions/3.13/lib/python3.13/site-packages/telegram/ext/_extbot.py", line 3118, in send_message
    return await super().send_message(
           ^^^^^^^^^^^^^^^^^^^^^^^^^^^
    ...<23 lines>...
    )
    ^
  File "/Library/Frameworks/Python.framework/Versions/3.13/lib/python3.13/site-packages/telegram/_bot.py", line 1123, in send_message
    return await self._send_message(
           ^^^^^^^^^^^^^^^^^^^^^^^^^
    ...<21 lines>...
    )
    ^
  File "/Library/Frameworks/Python.framework/Versions/3.13/lib/python3.13/site-packages/telegram/ext/_extbot.py", line 630, in _send_message
    result = await super()._send_message(
             ^^^^^^^^^^^^^^^^^^^^^^^^^^^^
    ...<23 lines>...
    )
    ^
  File "/Library/Frameworks/Python.framework/Versions/3.13/lib/python3.13/site-packages/telegram/_bot.py", line 820, in _send_message
    result = await self._post(
             ^^^^^^^^^^^^^^^^^
    ...<7 lines>...
    )
    ^
  File "/Library/Frameworks/Python.framework/Versions/3.13/lib/python3.13/site-packages/telegram/_bot.py", line 704, in _post
    return await self._do_post(
           ^^^^^^^^^^^^^^^^^^^^
    ...<6 lines>...
    )
    ^
  File "/Library/Frameworks/Python.framework/Versions/3.13/lib/python3.13/site-packages/telegram/ext/_extbot.py", line 370, in _do_post
    return await super()._do_post(
           ^^^^^^^^^^^^^^^^^^^^^^^
    ...<6 lines>...
    )
    ^
  File "/Library/Frameworks/Python.framework/Versions/3.13/lib/python3.13/site-packages/telegram/_bot.py", line 733, in _do_post
    result = await request.post(
             ^^^^^^^^^^^^^^^^^^^
    ...<6 lines>...
    )
    ^
  File "/Library/Frameworks/Python.framework/Versions/3.13/lib/python3.13/site-packages/telegram/request/_baserequest.py", line 198, in post
    result = await self._request_wrapper(
             ^^^^^^^^^^^^^^^^^^^^^^^^^^^^
    ...<7 lines>...
    )
    ^
  File "/Library/Frameworks/Python.framework/Versions/3.13/lib/python3.13/site-packages/telegram/request/_baserequest.py", line 375, in _request_wrapper
    raise exception
telegram.error.BadRequest: Inline keyboard button url 'tel:+79260775974' is invalid: wrong port number specified in the url
2026-05-19 13:22:14,078 | INFO | HTTP Request: POST https://api.telegram.org/bot8738956905:AAEXFFwtZLXljamxHaPP4srUGn4YBcns3O4/getUpdates "HTTP/1.1 200 OK"
2026-05-19 13:22:24,261 | INFO | HTTP Request: POST https://api.telegram.org/bot8738956905:AAEXFFwtZLXljamxHaPP4srUGn4YBcns3O4/getUpdates "HTTP/1.1 200 OK"
2026-05-19 13:22:34,337 | INFO | HTTP Request: POST https://api.telegram.org/bot8738956905:AAEXFFwtZLXljamxHaPP4srUGn4YBcns3O4/getUpdates "HTTP/1.1 200 OK"
2026-05-19 13:22:44,427 | INFO | HTTP Request: POST https://api.telegram.org/bot8738956905:AAEXFFwtZLXljamxHaPP4srUGn4YBcns3O4/getUpdates "HTTP/1.1 200 OK"
2026-05-19 13:22:54,505 | INFO | HTTP Request: POST https://api.telegram.org/bot8738956905:AAEXFFwtZLXljamxHaPP4srUGn4YBcns3O4/getUpdates "HTTP/1.1 200 OK"
2026-05-19 13:23:04,603 | INFO | HTTP Request: POST https://api.telegram.org/bot8738956905:AAEXFFwtZLXljamxHaPP4srUGn4YBcns3O4/getUpdates "HTTP/1.1 200 OK"
2026-05-19 13:23:14,742 | INFO | HTTP Request: POST https://api.telegram.org/bot8738956905:AAEXFFwtZLXljamxHaPP4srUGn4YBcns3O4/getUpdates "HTTP/1.1 200 OK"
2026-05-19 13:23:17,914 | INFO | HTTP Request: POST https://api.telegram.org/bot8738956905:AAEXFFwtZLXljamxHaPP4srUGn4YBcns3O4/getUpdates "HTTP/1.1 409 Conflict"
2026-05-19 13:23:17,915 | ERROR | No error handlers are registered, logging exception.
Traceback (most recent call last):
  File "/Library/Frameworks/Python.framework/Versions/3.13/lib/python3.13/site-packages/telegram/ext/_utils/networkloop.py", line 161, in network_retry_loop
    await do_action()
  File "/Library/Frameworks/Python.framework/Versions/3.13/lib/python3.13/site-packages/telegram/ext/_utils/networkloop.py", line 154, in do_action
    action_cb_task.result()
    ~~~~~~~~~~~~~~~~~~~~~^^
  File "/Library/Frameworks/Python.framework/Versions/3.13/lib/python3.13/site-packages/telegram/ext/_updater.py", line 340, in polling_action_cb
    updates = await self.bot.get_updates(
              ^^^^^^^^^^^^^^^^^^^^^^^^^^^
    ...<3 lines>...
    )
    ^
  File "/Library/Frameworks/Python.framework/Versions/3.13/lib/python3.13/site-packages/telegram/ext/_extbot.py", line 672, in get_updates
    updates = await super().get_updates(
              ^^^^^^^^^^^^^^^^^^^^^^^^^^
    ...<9 lines>...
    )
    ^
  File "/Library/Frameworks/Python.framework/Versions/3.13/lib/python3.13/site-packages/telegram/_bot.py", line 4865, in get_updates
    await self._post(
    ^^^^^^^^^^^^^^^^^
    ...<7 lines>...
    ),
    ^
  File "/Library/Frameworks/Python.framework/Versions/3.13/lib/python3.13/site-packages/telegram/_bot.py", line 704, in _post
    return await self._do_post(
           ^^^^^^^^^^^^^^^^^^^^
    ...<6 lines>...
    )
    ^
  File "/Library/Frameworks/Python.framework/Versions/3.13/lib/python3.13/site-packages/telegram/ext/_extbot.py", line 370, in _do_post
    return await super()._do_post(
           ^^^^^^^^^^^^^^^^^^^^^^^
    ...<6 lines>...
    )
    ^
  File "/Library/Frameworks/Python.framework/Versions/3.13/lib/python3.13/site-packages/telegram/_bot.py", line 733, in _do_post
    result = await request.post(
             ^^^^^^^^^^^^^^^^^^^
    ...<6 lines>...
    )
    ^
  File "/Library/Frameworks/Python.framework/Versions/3.13/lib/python3.13/site-packages/telegram/request/_baserequest.py", line 198, in post
    result = await self._request_wrapper(
             ^^^^^^^^^^^^^^^^^^^^^^^^^^^^
    ...<7 lines>...
    )
    ^
  File "/Library/Frameworks/Python.framework/Versions/3.13/lib/python3.13/site-packages/telegram/request/_baserequest.py", line 375, in _request_wrapper
    raise exception
telegram.error.Conflict: Conflict: terminated by other getUpdates request; make sure that only one bot instance is running
2026-05-19 13:23:23,097 | INFO | HTTP Request: POST https://api.telegram.org/bot8738956905:AAEXFFwtZLXljamxHaPP4srUGn4YBcns3O4/getUpdates "HTTP/1.1 409 Conflict"
2026-05-19 13:23:23,098 | ERROR | No error handlers are registered, logging exception.
Traceback (most recent call last):
  File "/Library/Frameworks/Python.framework/Versions/3.13/lib/python3.13/site-packages/telegram/ext/_utils/networkloop.py", line 161, in network_retry_loop
    await do_action()
  File "/Library/Frameworks/Python.framework/Versions/3.13/lib/python3.13/site-packages/telegram/ext/_utils/networkloop.py", line 154, in do_action
    action_cb_task.result()
    ~~~~~~~~~~~~~~~~~~~~~^^
  File "/Library/Frameworks/Python.framework/Versions/3.13/lib/python3.13/site-packages/telegram/ext/_updater.py", line 340, in polling_action_cb
    updates = await self.bot.get_updates(
              ^^^^^^^^^^^^^^^^^^^^^^^^^^^
    ...<3 lines>...
    )
    ^
  File "/Library/Frameworks/Python.framework/Versions/3.13/lib/python3.13/site-packages/telegram/ext/_extbot.py", line 672, in get_updates
    updates = await super().get_updates(
              ^^^^^^^^^^^^^^^^^^^^^^^^^^
    ...<9 lines>...
    )
    ^
  File "/Library/Frameworks/Python.framework/Versions/3.13/lib/python3.13/site-packages/telegram/_bot.py", line 4865, in get_updates
    await self._post(
    ^^^^^^^^^^^^^^^^^
    ...<7 lines>...
    ),
    ^
  File "/Library/Frameworks/Python.framework/Versions/3.13/lib/python3.13/site-packages/telegram/_bot.py", line 704, in _post
    return await self._do_post(
           ^^^^^^^^^^^^^^^^^^^^
    ...<6 lines>...
    )
    ^
  File "/Library/Frameworks/Python.framework/Versions/3.13/lib/python3.13/site-packages/telegram/ext/_extbot.py", line 370, in _do_post
    return await super()._do_post(
           ^^^^^^^^^^^^^^^^^^^^^^^
    ...<6 lines>...
    )
    ^
  File "/Library/Frameworks/Python.framework/Versions/3.13/lib/python3.13/site-packages/telegram/_bot.py", line 733, in _do_post
    result = await request.post(
             ^^^^^^^^^^^^^^^^^^^
    ...<6 lines>...
    )
    ^
  File "/Library/Frameworks/Python.framework/Versions/3.13/lib/python3.13/site-packages/telegram/request/_baserequest.py", line 198, in post
    result = await self._request_wrapper(
             ^^^^^^^^^^^^^^^^^^^^^^^^^^^^
    ...<7 lines>...
    )
    ^
  File "/Library/Frameworks/Python.framework/Versions/3.13/lib/python3.13/site-packages/telegram/request/_baserequest.py", line 375, in _request_wrapper
    raise exception
telegram.error.Conflict: Conflict: terminated by other getUpdates request; make sure that only one bot instance is running
2026-05-19 13:23:28,318 | INFO | HTTP Request: POST https://api.telegram.org/bot8738956905:AAEXFFwtZLXljamxHaPP4srUGn4YBcns3O4/getUpdates "HTTP/1.1 200 OK"
2026-05-19 13:23:28,774 | INFO | HTTP Request: POST https://api.telegram.org/bot8738956905:AAEXFFwtZLXljamxHaPP4srUGn4YBcns3O4/getUpdates "HTTP/1.1 409 Conflict"
2026-05-19 13:23:28,775 | ERROR | No error handlers are registered, logging exception.
Traceback (most recent call last):
  File "/Library/Frameworks/Python.framework/Versions/3.13/lib/python3.13/site-packages/telegram/ext/_utils/networkloop.py", line 161, in network_retry_loop
    await do_action()
  File "/Library/Frameworks/Python.framework/Versions/3.13/lib/python3.13/site-packages/telegram/ext/_utils/networkloop.py", line 154, in do_action
    action_cb_task.result()
    ~~~~~~~~~~~~~~~~~~~~~^^
  File "/Library/Frameworks/Python.framework/Versions/3.13/lib/python3.13/site-packages/telegram/ext/_updater.py", line 340, in polling_action_cb
    updates = await self.bot.get_updates(
              ^^^^^^^^^^^^^^^^^^^^^^^^^^^
    ...<3 lines>...
    )
    ^
  File "/Library/Frameworks/Python.framework/Versions/3.13/lib/python3.13/site-packages/telegram/ext/_extbot.py", line 672, in get_updates
    updates = await super().get_updates(
              ^^^^^^^^^^^^^^^^^^^^^^^^^^
    ...<9 lines>...
    )
    ^
  File "/Library/Frameworks/Python.framework/Versions/3.13/lib/python3.13/site-packages/telegram/_bot.py", line 4865, in get_updates
    await self._post(
    ^^^^^^^^^^^^^^^^^
    ...<7 lines>...
    ),
    ^
  File "/Library/Frameworks/Python.framework/Versions/3.13/lib/python3.13/site-packages/telegram/_bot.py", line 704, in _post
    return await self._do_post(
           ^^^^^^^^^^^^^^^^^^^^
    ...<6 lines>...
    )
    ^
  File "/Library/Frameworks/Python.framework/Versions/3.13/lib/python3.13/site-packages/telegram/ext/_extbot.py", line 370, in _do_post
    return await super()._do_post(
           ^^^^^^^^^^^^^^^^^^^^^^^
    ...<6 lines>...
    )
    ^
  File "/Library/Frameworks/Python.framework/Versions/3.13/lib/python3.13/site-packages/telegram/_bot.py", line 733, in _do_post
    result = await request.post(
             ^^^^^^^^^^^^^^^^^^^
    ...<6 lines>...
    )
    ^
  File "/Library/Frameworks/Python.framework/Versions/3.13/lib/python3.13/site-packages/telegram/request/_baserequest.py", line 198, in post
    result = await self._request_wrapper(
             ^^^^^^^^^^^^^^^^^^^^^^^^^^^^
    ...<7 lines>...
    )
    ^
  File "/Library/Frameworks/Python.framework/Versions/3.13/lib/python3.13/site-packages/telegram/request/_baserequest.py", line 375, in _request_wrapper
    raise exception
telegram.error.Conflict: Conflict: terminated by other getUpdates request; make sure that only one bot instance is running
2026-05-19 13:23:34,452 | INFO | HTTP Request: POST https://api.telegram.org/bot8738956905:AAEXFFwtZLXljamxHaPP4srUGn4YBcns3O4/getUpdates "HTTP/1.1 409 Conflict"
2026-05-19 13:23:34,453 | ERROR | No error handlers are registered, logging exception.
Traceback (most recent call last):
  File "/Library/Frameworks/Python.framework/Versions/3.13/lib/python3.13/site-packages/telegram/ext/_utils/networkloop.py", line 161, in network_retry_loop
    await do_action()
  File "/Library/Frameworks/Python.framework/Versions/3.13/lib/python3.13/site-packages/telegram/ext/_utils/networkloop.py", line 154, in do_action
    action_cb_task.result()
    ~~~~~~~~~~~~~~~~~~~~~^^
  File "/Library/Frameworks/Python.framework/Versions/3.13/lib/python3.13/site-packages/telegram/ext/_updater.py", line 340, in polling_action_cb
    updates = await self.bot.get_updates(
              ^^^^^^^^^^^^^^^^^^^^^^^^^^^
    ...<3 lines>...
    )
    ^
  File "/Library/Frameworks/Python.framework/Versions/3.13/lib/python3.13/site-packages/telegram/ext/_extbot.py", line 672, in get_updates
    updates = await super().get_updates(
              ^^^^^^^^^^^^^^^^^^^^^^^^^^
    ...<9 lines>...
    )
    ^
  File "/Library/Frameworks/Python.framework/Versions/3.13/lib/python3.13/site-packages/telegram/_bot.py", line 4865, in get_updates
    await self._post(
    ^^^^^^^^^^^^^^^^^
    ...<7 lines>...
    ),
    ^
  File "/Library/Frameworks/Python.framework/Versions/3.13/lib/python3.13/site-packages/telegram/_bot.py", line 704, in _post
    return await self._do_post(
           ^^^^^^^^^^^^^^^^^^^^
    ...<6 lines>...
    )
    ^
  File "/Library/Frameworks/Python.framework/Versions/3.13/lib/python3.13/site-packages/telegram/ext/_extbot.py", line 370, in _do_post
    return await super()._do_post(
           ^^^^^^^^^^^^^^^^^^^^^^^
    ...<6 lines>...
    )
    ^
  File "/Library/Frameworks/Python.framework/Versions/3.13/lib/python3.13/site-packages/telegram/_bot.py", line 733, in _do_post
    result = await request.post(
             ^^^^^^^^^^^^^^^^^^^
    ...<6 lines>...
    )
    ^
  File "/Library/Frameworks/Python.framework/Versions/3.13/lib/python3.13/site-packages/telegram/request/_baserequest.py", line 198, in post
    result = await self._request_wrapper(
             ^^^^^^^^^^^^^^^^^^^^^^^^^^^^
    ...<7 lines>...
    )
    ^
  File "/Library/Frameworks/Python.framework/Versions/3.13/lib/python3.13/site-packages/telegram/request/_baserequest.py", line 375, in _request_wrapper
    raise exception
telegram.error.Conflict: Conflict: terminated by other getUpdates request; make sure that only one bot instance is running
2026-05-19 13:23:41,395 | INFO | HTTP Request: POST https://api.telegram.org/bot8738956905:AAEXFFwtZLXljamxHaPP4srUGn4YBcns3O4/getUpdates "HTTP/1.1 409 Conflict"
2026-05-19 13:23:41,396 | ERROR | No error handlers are registered, logging exception.
Traceback (most recent call last):
  File "/Library/Frameworks/Python.framework/Versions/3.13/lib/python3.13/site-packages/telegram/ext/_utils/networkloop.py", line 161, in network_retry_loop
    await do_action()
  File "/Library/Frameworks/Python.framework/Versions/3.13/lib/python3.13/site-packages/telegram/ext/_utils/networkloop.py", line 154, in do_action
    action_cb_task.result()
    ~~~~~~~~~~~~~~~~~~~~~^^
  File "/Library/Frameworks/Python.framework/Versions/3.13/lib/python3.13/site-packages/telegram/ext/_updater.py", line 340, in polling_action_cb
    updates = await self.bot.get_updates(
              ^^^^^^^^^^^^^^^^^^^^^^^^^^^
    ...<3 lines>...
    )
    ^
  File "/Library/Frameworks/Python.framework/Versions/3.13/lib/python3.13/site-packages/telegram/ext/_extbot.py", line 672, in get_updates
    updates = await super().get_updates(
              ^^^^^^^^^^^^^^^^^^^^^^^^^^
    ...<9 lines>...
    )
    ^
  File "/Library/Frameworks/Python.framework/Versions/3.13/lib/python3.13/site-packages/telegram/_bot.py", line 4865, in get_updates
    await self._post(
    ^^^^^^^^^^^^^^^^^
    ...<7 lines>...
    ),
    ^
  File "/Library/Frameworks/Python.framework/Versions/3.13/lib/python3.13/site-packages/telegram/_bot.py", line 704, in _post
    return await self._do_post(
           ^^^^^^^^^^^^^^^^^^^^
    ...<6 lines>...
    )
    ^
  File "/Library/Frameworks/Python.framework/Versions/3.13/lib/python3.13/site-packages/telegram/ext/_extbot.py", line 370, in _do_post
    return await super()._do_post(
           ^^^^^^^^^^^^^^^^^^^^^^^
    ...<6 lines>...
    )
    ^
  File "/Library/Frameworks/Python.framework/Versions/3.13/lib/python3.13/site-packages/telegram/_bot.py", line 733, in _do_post
    result = await request.post(
             ^^^^^^^^^^^^^^^^^^^
    ...<6 lines>...
    )
    ^
  File "/Library/Frameworks/Python.framework/Versions/3.13/lib/python3.13/site-packages/telegram/request/_baserequest.py", line 198, in post
    result = await self._request_wrapper(
             ^^^^^^^^^^^^^^^^^^^^^^^^^^^^
    ...<7 lines>...
    )
    ^
  File "/Library/Frameworks/Python.framework/Versions/3.13/lib/python3.13/site-packages/telegram/request/_baserequest.py", line 375, in _request_wrapper
    raise exception
telegram.error.Conflict: Conflict: terminated by other getUpdates request; make sure that only one bot instance is running
2026-05-19 13:23:43,726 | INFO | HTTP Request: POST https://api.telegram.org/bot8738956905:AAEXFFwtZLXljamxHaPP4srUGn4YBcns3O4/getUpdates "HTTP/1.1 200 OK"
2026-05-19 13:23:43,727 | INFO | Application is stopping. This might take a moment.
2026-05-19 13:23:43,727 | INFO | Scheduler has been shut down
2026-05-19 13:23:43,738 | INFO | Application.stop() complete
2026-05-20 08:45:49,163 | INFO | Бот запущен
2026-05-20 08:45:49,628 | INFO | HTTP Request: POST https://api.telegram.org/bot8738956905:AAEXFFwtZLXljamxHaPP4srUGn4YBcns3O4/getMe "HTTP/1.1 200 OK"
2026-05-20 08:45:49,637 | INFO | База данных инициализирована
2026-05-20 08:45:49,750 | INFO | HTTP Request: POST https://api.telegram.org/bot8738956905:AAEXFFwtZLXljamxHaPP4srUGn4YBcns3O4/deleteWebhook "HTTP/1.1 200 OK"
2026-05-20 08:45:49,752 | INFO | Scheduler started
2026-05-20 08:45:49,752 | INFO | Application started
2026-05-20 08:46:00,223 | INFO | HTTP Request: POST https://api.telegram.org/bot8738956905:AAEXFFwtZLXljamxHaPP4srUGn4YBcns3O4/getUpdates "HTTP/1.1 200 OK"
2026-05-20 08:46:10,344 | INFO | HTTP Request: POST https://api.telegram.org/bot8738956905:AAEXFFwtZLXljamxHaPP4srUGn4YBcns3O4/getUpdates "HTTP/1.1 200 OK"
2026-05-20 08:46:12,989 | INFO | HTTP Request: POST https://api.telegram.org/bot8738956905:AAEXFFwtZLXljamxHaPP4srUGn4YBcns3O4/getUpdates "HTTP/1.1 200 OK"
2026-05-20 08:46:13,375 | INFO | HTTP Request: POST https://api.telegram.org/bot8738956905:AAEXFFwtZLXljamxHaPP4srUGn4YBcns3O4/sendMessage "HTTP/1.1 200 OK"
2026-05-20 08:46:23,145 | INFO | HTTP Request: POST https://api.telegram.org/bot8738956905:AAEXFFwtZLXljamxHaPP4srUGn4YBcns3O4/getUpdates "HTTP/1.1 200 OK"
2026-05-20 08:46:23,278 | INFO | HTTP Request: POST https://api.telegram.org/bot8738956905:AAEXFFwtZLXljamxHaPP4srUGn4YBcns3O4/getUpdates "HTTP/1.1 200 OK"
2026-05-20 08:46:23,817 | INFO | HTTP Request: POST https://api.telegram.org/bot8738956905:AAEXFFwtZLXljamxHaPP4srUGn4YBcns3O4/sendMessage "HTTP/1.1 200 OK"
2026-05-20 08:46:24,049 | INFO | HTTP Request: POST https://api.telegram.org/bot8738956905:AAEXFFwtZLXljamxHaPP4srUGn4YBcns3O4/sendMessage "HTTP/1.1 200 OK"
2026-05-20 08:46:33,459 | INFO | HTTP Request: POST https://api.telegram.org/bot8738956905:AAEXFFwtZLXljamxHaPP4srUGn4YBcns3O4/getUpdates "HTTP/1.1 200 OK"
2026-05-20 08:46:35,140 | INFO | HTTP Request: POST https://api.telegram.org/bot8738956905:AAEXFFwtZLXljamxHaPP4srUGn4YBcns3O4/getUpdates "HTTP/1.1 200 OK"
2026-05-20 08:46:37,251 | INFO | HTTP Request: POST https://api.telegram.org/bot8738956905:AAEXFFwtZLXljamxHaPP4srUGn4YBcns3O4/sendPhoto "HTTP/1.1 200 OK"
2026-05-20 08:46:45,379 | INFO | HTTP Request: POST https://api.telegram.org/bot8738956905:AAEXFFwtZLXljamxHaPP4srUGn4YBcns3O4/getUpdates "HTTP/1.1 200 OK"
2026-05-20 08:46:49,378 | INFO | HTTP Request: POST https://api.telegram.org/bot8738956905:AAEXFFwtZLXljamxHaPP4srUGn4YBcns3O4/getUpdates "HTTP/1.1 200 OK"
2026-05-20 08:46:50,941 | INFO | HTTP Request: POST https://api.telegram.org/bot8738956905:AAEXFFwtZLXljamxHaPP4srUGn4YBcns3O4/sendMessage "HTTP/1.1 200 OK"
2026-05-20 08:46:54,617 | INFO | HTTP Request: POST https://api.telegram.org/bot8738956905:AAEXFFwtZLXljamxHaPP4srUGn4YBcns3O4/getUpdates "HTTP/1.1 200 OK"
2026-05-20 08:46:54,763 | INFO | HTTP Request: POST https://api.telegram.org/bot8738956905:AAEXFFwtZLXljamxHaPP4srUGn4YBcns3O4/sendMessage "HTTP/1.1 200 OK"
2026-05-20 08:46:56,036 | INFO | HTTP Request: POST https://api.telegram.org/bot8738956905:AAEXFFwtZLXljamxHaPP4srUGn4YBcns3O4/deleteMessage "HTTP/1.1 200 OK"
2026-05-20 08:46:56,177 | INFO | HTTP Request: POST https://api.telegram.org/bot8738956905:AAEXFFwtZLXljamxHaPP4srUGn4YBcns3O4/sendMessage "HTTP/1.1 200 OK"
2026-05-20 08:47:04,836 | INFO | HTTP Request: POST https://api.telegram.org/bot8738956905:AAEXFFwtZLXljamxHaPP4srUGn4YBcns3O4/getUpdates "HTTP/1.1 200 OK"
2026-05-20 08:47:05,657 | INFO | HTTP Request: POST https://api.telegram.org/bot8738956905:AAEXFFwtZLXljamxHaPP4srUGn4YBcns3O4/getUpdates "HTTP/1.1 200 OK"
2026-05-20 08:47:06,055 | INFO | HTTP Request: POST https://api.telegram.org/bot8738956905:AAEXFFwtZLXljamxHaPP4srUGn4YBcns3O4/sendMessage "HTTP/1.1 200 OK"
2026-05-20 08:47:09,854 | INFO | HTTP Request: POST https://api.telegram.org/bot8738956905:AAEXFFwtZLXljamxHaPP4srUGn4YBcns3O4/getUpdates "HTTP/1.1 200 OK"
2026-05-20 08:47:10,262 | INFO | HTTP Request: POST https://api.telegram.org/bot8738956905:AAEXFFwtZLXljamxHaPP4srUGn4YBcns3O4/answerCallbackQuery "HTTP/1.1 200 OK"
2026-05-20 08:47:10,387 | INFO | HTTP Request: POST https://api.telegram.org/bot8738956905:AAEXFFwtZLXljamxHaPP4srUGn4YBcns3O4/sendMessage "HTTP/1.1 400 Bad Request"
2026-05-20 08:47:10,389 | ERROR | No error handlers are registered, logging exception.
Traceback (most recent call last):
  File "/Library/Frameworks/Python.framework/Versions/3.13/lib/python3.13/site-packages/telegram/ext/_application.py", line 1315, in process_update
    await coroutine
  File "/Library/Frameworks/Python.framework/Versions/3.13/lib/python3.13/site-packages/telegram/ext/_handlers/basehandler.py", line 159, in handle_update
    return await self.callback(update, context)
           ^^^^^^^^^^^^^^^^^^^^^^^^^^^^^^^^^^^^
  File "/Users/olegvoropaev/Documents/Python/SNTBot/SNTTgBot/bot.py", line 989, in gate_call_callback
    await query.message.reply_text(
    ...<12 lines>...
    )
  File "/Library/Frameworks/Python.framework/Versions/3.13/lib/python3.13/site-packages/telegram/_message.py", line 2106, in reply_text
    return await self.get_bot().send_message(
           ^^^^^^^^^^^^^^^^^^^^^^^^^^^^^^^^^^
    ...<21 lines>...
    )
    ^
  File "/Library/Frameworks/Python.framework/Versions/3.13/lib/python3.13/site-packages/telegram/ext/_extbot.py", line 3118, in send_message
    return await super().send_message(
           ^^^^^^^^^^^^^^^^^^^^^^^^^^^
    ...<23 lines>...
    )
    ^
  File "/Library/Frameworks/Python.framework/Versions/3.13/lib/python3.13/site-packages/telegram/_bot.py", line 1123, in send_message
    return await self._send_message(
           ^^^^^^^^^^^^^^^^^^^^^^^^^
    ...<21 lines>...
    )
    ^
  File "/Library/Frameworks/Python.framework/Versions/3.13/lib/python3.13/site-packages/telegram/ext/_extbot.py", line 630, in _send_message
    result = await super()._send_message(
             ^^^^^^^^^^^^^^^^^^^^^^^^^^^^
    ...<23 lines>...
    )
    ^
  File "/Library/Frameworks/Python.framework/Versions/3.13/lib/python3.13/site-packages/telegram/_bot.py", line 820, in _send_message
    result = await self._post(
             ^^^^^^^^^^^^^^^^^
    ...<7 lines>...
    )
    ^
  File "/Library/Frameworks/Python.framework/Versions/3.13/lib/python3.13/site-packages/telegram/_bot.py", line 704, in _post
    return await self._do_post(
           ^^^^^^^^^^^^^^^^^^^^
    ...<6 lines>...
    )
    ^
  File "/Library/Frameworks/Python.framework/Versions/3.13/lib/python3.13/site-packages/telegram/ext/_extbot.py", line 370, in _do_post
    return await super()._do_post(
           ^^^^^^^^^^^^^^^^^^^^^^^
    ...<6 lines>...
    )
    ^
  File "/Library/Frameworks/Python.framework/Versions/3.13/lib/python3.13/site-packages/telegram/_bot.py", line 733, in _do_post
    result = await request.post(
             ^^^^^^^^^^^^^^^^^^^
    ...<6 lines>...
    )
    ^
  File "/Library/Frameworks/Python.framework/Versions/3.13/lib/python3.13/site-packages/telegram/request/_baserequest.py", line 198, in post
    result = await self._request_wrapper(
             ^^^^^^^^^^^^^^^^^^^^^^^^^^^^
    ...<7 lines>...
    )
    ^
  File "/Library/Frameworks/Python.framework/Versions/3.13/lib/python3.13/site-packages/telegram/request/_baserequest.py", line 375, in _request_wrapper
    raise exception
telegram.error.BadRequest: Inline keyboard button url 'tel:+79260775974' is invalid: wrong port number specified in the url
2026-05-20 08:47:20,093 | INFO | HTTP Request: POST https://api.telegram.org/bot8738956905:AAEXFFwtZLXljamxHaPP4srUGn4YBcns3O4/getUpdates "HTTP/1.1 200 OK"
2026-05-20 08:47:22,605 | INFO | HTTP Request: POST https://api.telegram.org/bot8738956905:AAEXFFwtZLXljamxHaPP4srUGn4YBcns3O4/getUpdates "HTTP/1.1 200 OK"
2026-05-20 08:47:22,994 | INFO | HTTP Request: POST https://api.telegram.org/bot8738956905:AAEXFFwtZLXljamxHaPP4srUGn4YBcns3O4/answerCallbackQuery "HTTP/1.1 200 OK"
2026-05-20 08:47:23,127 | INFO | HTTP Request: POST https://api.telegram.org/bot8738956905:AAEXFFwtZLXljamxHaPP4srUGn4YBcns3O4/answerCallbackQuery "HTTP/1.1 200 OK"
2026-05-20 08:47:26,748 | INFO | HTTP Request: POST https://api.telegram.org/bot8738956905:AAEXFFwtZLXljamxHaPP4srUGn4YBcns3O4/getUpdates "HTTP/1.1 200 OK"
2026-05-20 08:47:26,882 | INFO | HTTP Request: POST https://api.telegram.org/bot8738956905:AAEXFFwtZLXljamxHaPP4srUGn4YBcns3O4/answerCallbackQuery "HTTP/1.1 200 OK"
2026-05-20 08:47:27,013 | INFO | HTTP Request: POST https://api.telegram.org/bot8738956905:AAEXFFwtZLXljamxHaPP4srUGn4YBcns3O4/answerCallbackQuery "HTTP/1.1 200 OK"
2026-05-20 08:47:29,625 | INFO | HTTP Request: POST https://api.telegram.org/bot8738956905:AAEXFFwtZLXljamxHaPP4srUGn4YBcns3O4/getUpdates "HTTP/1.1 200 OK"
2026-05-20 08:47:29,777 | INFO | HTTP Request: POST https://api.telegram.org/bot8738956905:AAEXFFwtZLXljamxHaPP4srUGn4YBcns3O4/sendMessage "HTTP/1.1 200 OK"
2026-05-20 08:47:39,795 | INFO | HTTP Request: POST https://api.telegram.org/bot8738956905:AAEXFFwtZLXljamxHaPP4srUGn4YBcns3O4/getUpdates "HTTP/1.1 200 OK"
2026-05-20 08:47:49,914 | INFO | HTTP Request: POST https://api.telegram.org/bot8738956905:AAEXFFwtZLXljamxHaPP4srUGn4YBcns3O4/getUpdates "HTTP/1.1 200 OK"
2026-05-20 08:48:00,131 | INFO | HTTP Request: POST https://api.telegram.org/bot8738956905:AAEXFFwtZLXljamxHaPP4srUGn4YBcns3O4/getUpdates "HTTP/1.1 200 OK"
2026-05-20 08:48:10,268 | INFO | HTTP Request: POST https://api.telegram.org/bot8738956905:AAEXFFwtZLXljamxHaPP4srUGn4YBcns3O4/getUpdates "HTTP/1.1 200 OK"
2026-05-20 08:48:20,405 | INFO | HTTP Request: POST https://api.telegram.org/bot8738956905:AAEXFFwtZLXljamxHaPP4srUGn4YBcns3O4/getUpdates "HTTP/1.1 200 OK"
2026-05-20 08:48:30,543 | INFO | HTTP Request: POST https://api.telegram.org/bot8738956905:AAEXFFwtZLXljamxHaPP4srUGn4YBcns3O4/getUpdates "HTTP/1.1 200 OK"
2026-05-20 08:48:40,783 | INFO | HTTP Request: POST https://api.telegram.org/bot8738956905:AAEXFFwtZLXljamxHaPP4srUGn4YBcns3O4/getUpdates "HTTP/1.1 200 OK"
2026-05-20 08:48:50,921 | INFO | HTTP Request: POST https://api.telegram.org/bot8738956905:AAEXFFwtZLXljamxHaPP4srUGn4YBcns3O4/getUpdates "HTTP/1.1 200 OK"
2026-05-20 08:49:01,058 | INFO | HTTP Request: POST https://api.telegram.org/bot8738956905:AAEXFFwtZLXljamxHaPP4srUGn4YBcns3O4/getUpdates "HTTP/1.1 200 OK"
2026-05-20 08:49:11,195 | INFO | HTTP Request: POST https://api.telegram.org/bot8738956905:AAEXFFwtZLXljamxHaPP4srUGn4YBcns3O4/getUpdates "HTTP/1.1 200 OK"
2026-05-20 08:49:21,337 | INFO | HTTP Request: POST https://api.telegram.org/bot8738956905:AAEXFFwtZLXljamxHaPP4srUGn4YBcns3O4/getUpdates "HTTP/1.1 200 OK"
2026-05-20 08:49:31,455 | INFO | HTTP Request: POST https://api.telegram.org/bot8738956905:AAEXFFwtZLXljamxHaPP4srUGn4YBcns3O4/getUpdates "HTTP/1.1 200 OK"
2026-05-20 08:49:41,610 | INFO | HTTP Request: POST https://api.telegram.org/bot8738956905:AAEXFFwtZLXljamxHaPP4srUGn4YBcns3O4/getUpdates "HTTP/1.1 200 OK"
2026-05-20 08:49:51,852 | INFO | HTTP Request: POST https://api.telegram.org/bot8738956905:AAEXFFwtZLXljamxHaPP4srUGn4YBcns3O4/getUpdates "HTTP/1.1 200 OK"
2026-05-20 08:50:02,086 | INFO | HTTP Request: POST https://api.telegram.org/bot8738956905:AAEXFFwtZLXljamxHaPP4srUGn4YBcns3O4/getUpdates "HTTP/1.1 200 OK"
2026-05-20 08:50:12,204 | INFO | HTTP Request: POST https://api.telegram.org/bot8738956905:AAEXFFwtZLXljamxHaPP4srUGn4YBcns3O4/getUpdates "HTTP/1.1 200 OK"
2026-05-20 08:50:22,324 | INFO | HTTP Request: POST https://api.telegram.org/bot8738956905:AAEXFFwtZLXljamxHaPP4srUGn4YBcns3O4/getUpdates "HTTP/1.1 200 OK"
2026-05-20 08:50:32,445 | INFO | HTTP Request: POST https://api.telegram.org/bot8738956905:AAEXFFwtZLXljamxHaPP4srUGn4YBcns3O4/getUpdates "HTTP/1.1 200 OK"
2026-05-20 08:50:42,563 | INFO | HTTP Request: POST https://api.telegram.org/bot8738956905:AAEXFFwtZLXljamxHaPP4srUGn4YBcns3O4/getUpdates "HTTP/1.1 200 OK"
2026-05-20 08:50:52,684 | INFO | HTTP Request: POST https://api.telegram.org/bot8738956905:AAEXFFwtZLXljamxHaPP4srUGn4YBcns3O4/getUpdates "HTTP/1.1 200 OK"
2026-05-20 08:51:02,803 | INFO | HTTP Request: POST https://api.telegram.org/bot8738956905:AAEXFFwtZLXljamxHaPP4srUGn4YBcns3O4/getUpdates "HTTP/1.1 200 OK"
2026-05-20 08:51:12,925 | INFO | HTTP Request: POST https://api.telegram.org/bot8738956905:AAEXFFwtZLXljamxHaPP4srUGn4YBcns3O4/getUpdates "HTTP/1.1 200 OK"
2026-05-20 08:51:23,088 | INFO | HTTP Request: POST https://api.telegram.org/bot8738956905:AAEXFFwtZLXljamxHaPP4srUGn4YBcns3O4/getUpdates "HTTP/1.1 200 OK"
2026-05-20 08:51:33,226 | INFO | HTTP Request: POST https://api.telegram.org/bot8738956905:AAEXFFwtZLXljamxHaPP4srUGn4YBcns3O4/getUpdates "HTTP/1.1 200 OK"
2026-05-20 08:51:43,361 | INFO | HTTP Request: POST https://api.telegram.org/bot8738956905:AAEXFFwtZLXljamxHaPP4srUGn4YBcns3O4/getUpdates "HTTP/1.1 200 OK"
2026-05-20 08:51:53,500 | INFO | HTTP Request: POST https://api.telegram.org/bot8738956905:AAEXFFwtZLXljamxHaPP4srUGn4YBcns3O4/getUpdates "HTTP/1.1 200 OK"
2026-05-20 08:52:03,638 | INFO | HTTP Request: POST https://api.telegram.org/bot8738956905:AAEXFFwtZLXljamxHaPP4srUGn4YBcns3O4/getUpdates "HTTP/1.1 200 OK"
2026-05-20 08:52:13,775 | INFO | HTTP Request: POST https://api.telegram.org/bot8738956905:AAEXFFwtZLXljamxHaPP4srUGn4YBcns3O4/getUpdates "HTTP/1.1 200 OK"
2026-05-20 08:52:23,913 | INFO | HTTP Request: POST https://api.telegram.org/bot8738956905:AAEXFFwtZLXljamxHaPP4srUGn4YBcns3O4/getUpdates "HTTP/1.1 200 OK"
2026-05-20 08:52:34,052 | INFO | HTTP Request: POST https://api.telegram.org/bot8738956905:AAEXFFwtZLXljamxHaPP4srUGn4YBcns3O4/getUpdates "HTTP/1.1 200 OK"
2026-05-20 08:52:44,188 | INFO | HTTP Request: POST https://api.telegram.org/bot8738956905:AAEXFFwtZLXljamxHaPP4srUGn4YBcns3O4/getUpdates "HTTP/1.1 200 OK"
2026-05-20 08:52:54,428 | INFO | HTTP Request: POST https://api.telegram.org/bot8738956905:AAEXFFwtZLXljamxHaPP4srUGn4YBcns3O4/getUpdates "HTTP/1.1 200 OK"
2026-05-20 08:53:04,547 | INFO | HTTP Request: POST https://api.telegram.org/bot8738956905:AAEXFFwtZLXljamxHaPP4srUGn4YBcns3O4/getUpdates "HTTP/1.1 200 OK"
2026-05-20 08:53:14,666 | INFO | HTTP Request: POST https://api.telegram.org/bot8738956905:AAEXFFwtZLXljamxHaPP4srUGn4YBcns3O4/getUpdates "HTTP/1.1 200 OK"
2026-05-20 08:53:24,877 | INFO | HTTP Request: POST https://api.telegram.org/bot8738956905:AAEXFFwtZLXljamxHaPP4srUGn4YBcns3O4/getUpdates "HTTP/1.1 200 OK"
2026-05-20 08:53:35,070 | INFO | HTTP Request: POST https://api.telegram.org/bot8738956905:AAEXFFwtZLXljamxHaPP4srUGn4YBcns3O4/getUpdates "HTTP/1.1 200 OK"
2026-05-20 08:53:38,446 | INFO | HTTP Request: POST https://api.telegram.org/bot8738956905:AAEXFFwtZLXljamxHaPP4srUGn4YBcns3O4/getUpdates "HTTP/1.1 200 OK"
2026-05-20 08:53:38,448 | INFO | Application is stopping. This might take a moment.
2026-05-20 08:53:38,448 | INFO | Scheduler has been shut down
2026-05-20 08:53:38,458 | INFO | Application.stop() complete
2026-05-20 08:54:14,351 | INFO | Bot started
2026-05-20 08:54:14,731 | INFO | HTTP Request: POST https://api.telegram.org/bot8738956905:AAEXFFwtZLXljamxHaPP4srUGn4YBcns3O4/getMe "HTTP/1.1 200 OK"
2026-05-20 08:54:14,739 | INFO | Database initialized
2026-05-20 08:54:14,855 | INFO | HTTP Request: POST https://api.telegram.org/bot8738956905:AAEXFFwtZLXljamxHaPP4srUGn4YBcns3O4/deleteWebhook "HTTP/1.1 200 OK"
2026-05-20 08:54:14,858 | INFO | Scheduler started
2026-05-20 08:54:14,858 | INFO | Application started
2026-05-20 08:54:25,253 | INFO | HTTP Request: POST https://api.telegram.org/bot8738956905:AAEXFFwtZLXljamxHaPP4srUGn4YBcns3O4/getUpdates "HTTP/1.1 200 OK"
2026-05-20 08:54:35,487 | INFO | HTTP Request: POST https://api.telegram.org/bot8738956905:AAEXFFwtZLXljamxHaPP4srUGn4YBcns3O4/getUpdates "HTTP/1.1 200 OK"
2026-05-20 08:54:45,625 | INFO | HTTP Request: POST https://api.telegram.org/bot8738956905:AAEXFFwtZLXljamxHaPP4srUGn4YBcns3O4/getUpdates "HTTP/1.1 200 OK"
2026-05-20 08:54:55,763 | INFO | HTTP Request: POST https://api.telegram.org/bot8738956905:AAEXFFwtZLXljamxHaPP4srUGn4YBcns3O4/getUpdates "HTTP/1.1 200 OK"
2026-05-20 08:55:05,900 | INFO | HTTP Request: POST https://api.telegram.org/bot8738956905:AAEXFFwtZLXljamxHaPP4srUGn4YBcns3O4/getUpdates "HTTP/1.1 200 OK"
2026-05-20 08:55:16,019 | INFO | HTTP Request: POST https://api.telegram.org/bot8738956905:AAEXFFwtZLXljamxHaPP4srUGn4YBcns3O4/getUpdates "HTTP/1.1 200 OK"
2026-05-20 08:55:26,177 | INFO | HTTP Request: POST https://api.telegram.org/bot8738956905:AAEXFFwtZLXljamxHaPP4srUGn4YBcns3O4/getUpdates "HTTP/1.1 200 OK"
2026-05-20 08:55:36,248 | INFO | HTTP Request: POST https://api.telegram.org/bot8738956905:AAEXFFwtZLXljamxHaPP4srUGn4YBcns3O4/getUpdates "HTTP/1.1 200 OK"
2026-05-20 08:55:36,649 | INFO | HTTP Request: POST https://api.telegram.org/bot8738956905:AAEXFFwtZLXljamxHaPP4srUGn4YBcns3O4/sendMessage "HTTP/1.1 200 OK"
2026-05-20 08:55:41,881 | INFO | HTTP Request: POST https://api.telegram.org/bot8738956905:AAEXFFwtZLXljamxHaPP4srUGn4YBcns3O4/getUpdates "HTTP/1.1 200 OK"
2026-05-20 08:55:42,268 | INFO | HTTP Request: POST https://api.telegram.org/bot8738956905:AAEXFFwtZLXljamxHaPP4srUGn4YBcns3O4/sendMessage "HTTP/1.1 200 OK"
2026-05-20 08:55:42,413 | INFO | HTTP Request: POST https://api.telegram.org/bot8738956905:AAEXFFwtZLXljamxHaPP4srUGn4YBcns3O4/sendMessage "HTTP/1.1 200 OK"
2026-05-20 08:55:47,785 | INFO | HTTP Request: POST https://api.telegram.org/bot8738956905:AAEXFFwtZLXljamxHaPP4srUGn4YBcns3O4/getUpdates "HTTP/1.1 200 OK"
2026-05-20 08:55:50,034 | INFO | HTTP Request: POST https://api.telegram.org/bot8738956905:AAEXFFwtZLXljamxHaPP4srUGn4YBcns3O4/sendPhoto "HTTP/1.1 200 OK"
2026-05-20 08:55:55,038 | INFO | HTTP Request: POST https://api.telegram.org/bot8738956905:AAEXFFwtZLXljamxHaPP4srUGn4YBcns3O4/getUpdates "HTTP/1.1 200 OK"
2026-05-20 08:55:56,609 | INFO | HTTP Request: POST https://api.telegram.org/bot8738956905:AAEXFFwtZLXljamxHaPP4srUGn4YBcns3O4/sendMessage "HTTP/1.1 200 OK"
2026-05-20 08:56:03,593 | INFO | HTTP Request: POST https://api.telegram.org/bot8738956905:AAEXFFwtZLXljamxHaPP4srUGn4YBcns3O4/getUpdates "HTTP/1.1 200 OK"
2026-05-20 08:56:03,987 | INFO | HTTP Request: POST https://api.telegram.org/bot8738956905:AAEXFFwtZLXljamxHaPP4srUGn4YBcns3O4/sendMessage "HTTP/1.1 200 OK"
2026-05-20 08:56:05,236 | INFO | HTTP Request: POST https://api.telegram.org/bot8738956905:AAEXFFwtZLXljamxHaPP4srUGn4YBcns3O4/deleteMessage "HTTP/1.1 200 OK"
2026-05-20 08:56:05,380 | INFO | HTTP Request: POST https://api.telegram.org/bot8738956905:AAEXFFwtZLXljamxHaPP4srUGn4YBcns3O4/sendMessage "HTTP/1.1 200 OK"
2026-05-20 08:56:08,676 | INFO | HTTP Request: POST https://api.telegram.org/bot8738956905:AAEXFFwtZLXljamxHaPP4srUGn4YBcns3O4/getUpdates "HTTP/1.1 200 OK"
2026-05-20 08:56:08,830 | INFO | HTTP Request: POST https://api.telegram.org/bot8738956905:AAEXFFwtZLXljamxHaPP4srUGn4YBcns3O4/sendMessage "HTTP/1.1 200 OK"
2026-05-20 08:56:17,160 | INFO | HTTP Request: POST https://api.telegram.org/bot8738956905:AAEXFFwtZLXljamxHaPP4srUGn4YBcns3O4/getUpdates "HTTP/1.1 200 OK"
2026-05-20 08:56:17,539 | INFO | HTTP Request: POST https://api.telegram.org/bot8738956905:AAEXFFwtZLXljamxHaPP4srUGn4YBcns3O4/sendMessage "HTTP/1.1 400 Bad Request"
2026-05-20 08:56:17,540 | ERROR | No error handlers are registered, logging exception.
Traceback (most recent call last):
  File "/Library/Frameworks/Python.framework/Versions/3.13/lib/python3.13/site-packages/telegram/ext/_application.py", line 1315, in process_update
    await coroutine
  File "/Library/Frameworks/Python.framework/Versions/3.13/lib/python3.13/site-packages/telegram/ext/_handlers/conversationhandler.py", line 841, in handle_update
    new_state: object = await handler.handle_update(
                        ^^^^^^^^^^^^^^^^^^^^^^^^^^^^
        update, application, handler_check_result, context
        ^^^^^^^^^^^^^^^^^^^^^^^^^^^^^^^^^^^^^^^^^^^^^^^^^^
    )
    ^
  File "/Library/Frameworks/Python.framework/Versions/3.13/lib/python3.13/site-packages/telegram/ext/_handlers/basehandler.py", line 159, in handle_update
    return await self.callback(update, context)
           ^^^^^^^^^^^^^^^^^^^^^^^^^^^^^^^^^^^^
  File "/Users/olegvoropaev/Documents/Python/SNTBot/SNTTgBot/bot.py", line 1274, in handle_menu
    return await open_gate(
           ^^^^^^^^^^^^^^^^
    ...<2 lines>...
    )
    ^
  File "/Users/olegvoropaev/Documents/Python/SNTBot/SNTTgBot/bot.py", line 1172, in open_gate
    await update.message.reply_text(
    ...<7 lines>...
    )
  File "/Library/Frameworks/Python.framework/Versions/3.13/lib/python3.13/site-packages/telegram/_message.py", line 2106, in reply_text
    return await self.get_bot().send_message(
           ^^^^^^^^^^^^^^^^^^^^^^^^^^^^^^^^^^
    ...<21 lines>...
    )
    ^
  File "/Library/Frameworks/Python.framework/Versions/3.13/lib/python3.13/site-packages/telegram/ext/_extbot.py", line 3118, in send_message
    return await super().send_message(
           ^^^^^^^^^^^^^^^^^^^^^^^^^^^
    ...<23 lines>...
    )
    ^
  File "/Library/Frameworks/Python.framework/Versions/3.13/lib/python3.13/site-packages/telegram/_bot.py", line 1123, in send_message
    return await self._send_message(
           ^^^^^^^^^^^^^^^^^^^^^^^^^
    ...<21 lines>...
    )
    ^
  File "/Library/Frameworks/Python.framework/Versions/3.13/lib/python3.13/site-packages/telegram/ext/_extbot.py", line 630, in _send_message
    result = await super()._send_message(
             ^^^^^^^^^^^^^^^^^^^^^^^^^^^^
    ...<23 lines>...
    )
    ^
  File "/Library/Frameworks/Python.framework/Versions/3.13/lib/python3.13/site-packages/telegram/_bot.py", line 820, in _send_message
    result = await self._post(
             ^^^^^^^^^^^^^^^^^
    ...<7 lines>...
    )
    ^
  File "/Library/Frameworks/Python.framework/Versions/3.13/lib/python3.13/site-packages/telegram/_bot.py", line 704, in _post
    return await self._do_post(
           ^^^^^^^^^^^^^^^^^^^^
    ...<6 lines>...
    )
    ^
  File "/Library/Frameworks/Python.framework/Versions/3.13/lib/python3.13/site-packages/telegram/ext/_extbot.py", line 370, in _do_post
    return await super()._do_post(
           ^^^^^^^^^^^^^^^^^^^^^^^
    ...<6 lines>...
    )
    ^
  File "/Library/Frameworks/Python.framework/Versions/3.13/lib/python3.13/site-packages/telegram/_bot.py", line 733, in _do_post
    result = await request.post(
             ^^^^^^^^^^^^^^^^^^^
    ...<6 lines>...
    )
    ^
  File "/Library/Frameworks/Python.framework/Versions/3.13/lib/python3.13/site-packages/telegram/request/_baserequest.py", line 198, in post
    result = await self._request_wrapper(
             ^^^^^^^^^^^^^^^^^^^^^^^^^^^^
    ...<7 lines>...
    )
    ^
  File "/Library/Frameworks/Python.framework/Versions/3.13/lib/python3.13/site-packages/telegram/request/_baserequest.py", line 375, in _request_wrapper
    raise exception
telegram.error.BadRequest: Inline keyboard button url 'tel:+79260775974' is invalid: wrong port number specified in the url
2026-05-20 08:56:25,693 | INFO | HTTP Request: POST https://api.telegram.org/bot8738956905:AAEXFFwtZLXljamxHaPP4srUGn4YBcns3O4/getUpdates "HTTP/1.1 200 OK"
2026-05-20 08:56:26,153 | INFO | HTTP Request: POST https://api.telegram.org/bot8738956905:AAEXFFwtZLXljamxHaPP4srUGn4YBcns3O4/sendMessage "HTTP/1.1 200 OK"
2026-05-20 08:56:35,810 | INFO | HTTP Request: POST https://api.telegram.org/bot8738956905:AAEXFFwtZLXljamxHaPP4srUGn4YBcns3O4/getUpdates "HTTP/1.1 200 OK"
2026-05-20 08:56:45,946 | INFO | HTTP Request: POST https://api.telegram.org/bot8738956905:AAEXFFwtZLXljamxHaPP4srUGn4YBcns3O4/getUpdates "HTTP/1.1 200 OK"
2026-05-20 08:56:51,233 | INFO | HTTP Request: POST https://api.telegram.org/bot8738956905:AAEXFFwtZLXljamxHaPP4srUGn4YBcns3O4/getUpdates "HTTP/1.1 200 OK"
2026-05-20 08:56:51,648 | INFO | HTTP Request: POST https://api.telegram.org/bot8738956905:AAEXFFwtZLXljamxHaPP4srUGn4YBcns3O4/sendMessage "HTTP/1.1 200 OK"
2026-05-20 08:56:51,794 | INFO | HTTP Request: POST https://api.telegram.org/bot8738956905:AAEXFFwtZLXljamxHaPP4srUGn4YBcns3O4/sendMessage "HTTP/1.1 200 OK"
2026-05-20 08:56:51,941 | INFO | HTTP Request: POST https://api.telegram.org/bot8738956905:AAEXFFwtZLXljamxHaPP4srUGn4YBcns3O4/sendMessage "HTTP/1.1 200 OK"
2026-05-20 08:57:01,409 | INFO | HTTP Request: POST https://api.telegram.org/bot8738956905:AAEXFFwtZLXljamxHaPP4srUGn4YBcns3O4/getUpdates "HTTP/1.1 200 OK"
2026-05-20 08:57:11,547 | INFO | HTTP Request: POST https://api.telegram.org/bot8738956905:AAEXFFwtZLXljamxHaPP4srUGn4YBcns3O4/getUpdates "HTTP/1.1 200 OK"
2026-05-20 08:57:21,676 | INFO | HTTP Request: POST https://api.telegram.org/bot8738956905:AAEXFFwtZLXljamxHaPP4srUGn4YBcns3O4/getUpdates "HTTP/1.1 200 OK"
2026-05-20 08:57:31,128 | INFO | HTTP Request: POST https://api.telegram.org/bot8738956905:AAEXFFwtZLXljamxHaPP4srUGn4YBcns3O4/getUpdates "HTTP/1.1 200 OK"
2026-05-20 08:57:31,531 | INFO | HTTP Request: POST https://api.telegram.org/bot8738956905:AAEXFFwtZLXljamxHaPP4srUGn4YBcns3O4/sendMessage "HTTP/1.1 200 OK"
2026-05-20 08:57:41,247 | INFO | HTTP Request: POST https://api.telegram.org/bot8738956905:AAEXFFwtZLXljamxHaPP4srUGn4YBcns3O4/getUpdates "HTTP/1.1 200 OK"
2026-05-20 08:57:51,384 | INFO | HTTP Request: POST https://api.telegram.org/bot8738956905:AAEXFFwtZLXljamxHaPP4srUGn4YBcns3O4/getUpdates "HTTP/1.1 200 OK"
2026-05-20 08:58:01,622 | INFO | HTTP Request: POST https://api.telegram.org/bot8738956905:AAEXFFwtZLXljamxHaPP4srUGn4YBcns3O4/getUpdates "HTTP/1.1 200 OK"
2026-05-20 08:58:11,767 | INFO | HTTP Request: POST https://api.telegram.org/bot8738956905:AAEXFFwtZLXljamxHaPP4srUGn4YBcns3O4/getUpdates "HTTP/1.1 200 OK"
2026-05-20 08:58:19,235 | INFO | HTTP Request: POST https://api.telegram.org/bot8738956905:AAEXFFwtZLXljamxHaPP4srUGn4YBcns3O4/getUpdates "HTTP/1.1 200 OK"
2026-05-20 08:58:19,790 | INFO | HTTP Request: POST https://api.telegram.org/bot8738956905:AAEXFFwtZLXljamxHaPP4srUGn4YBcns3O4/sendMessage "HTTP/1.1 200 OK"
2026-05-20 08:58:29,474 | INFO | HTTP Request: POST https://api.telegram.org/bot8738956905:AAEXFFwtZLXljamxHaPP4srUGn4YBcns3O4/getUpdates "HTTP/1.1 200 OK"
2026-05-20 08:58:33,374 | INFO | HTTP Request: POST https://api.telegram.org/bot8738956905:AAEXFFwtZLXljamxHaPP4srUGn4YBcns3O4/getUpdates "HTTP/1.1 200 OK"
2026-05-20 08:58:33,757 | INFO | HTTP Request: POST https://api.telegram.org/bot8738956905:AAEXFFwtZLXljamxHaPP4srUGn4YBcns3O4/sendMessage "HTTP/1.1 400 Bad Request"
2026-05-20 08:58:33,759 | ERROR | No error handlers are registered, logging exception.
Traceback (most recent call last):
  File "/Library/Frameworks/Python.framework/Versions/3.13/lib/python3.13/site-packages/telegram/ext/_application.py", line 1315, in process_update
    await coroutine
  File "/Library/Frameworks/Python.framework/Versions/3.13/lib/python3.13/site-packages/telegram/ext/_handlers/conversationhandler.py", line 841, in handle_update
    new_state: object = await handler.handle_update(
                        ^^^^^^^^^^^^^^^^^^^^^^^^^^^^
        update, application, handler_check_result, context
        ^^^^^^^^^^^^^^^^^^^^^^^^^^^^^^^^^^^^^^^^^^^^^^^^^^
    )
    ^
  File "/Library/Frameworks/Python.framework/Versions/3.13/lib/python3.13/site-packages/telegram/ext/_handlers/basehandler.py", line 159, in handle_update
    return await self.callback(update, context)
           ^^^^^^^^^^^^^^^^^^^^^^^^^^^^^^^^^^^^
  File "/Users/olegvoropaev/Documents/Python/SNTBot/SNTTgBot/bot.py", line 1044, in create_poll_options
    await context.bot.send_message(
    ...<3 lines>...
    )
  File "/Library/Frameworks/Python.framework/Versions/3.13/lib/python3.13/site-packages/telegram/ext/_extbot.py", line 3118, in send_message
    return await super().send_message(
           ^^^^^^^^^^^^^^^^^^^^^^^^^^^
    ...<23 lines>...
    )
    ^
  File "/Library/Frameworks/Python.framework/Versions/3.13/lib/python3.13/site-packages/telegram/_bot.py", line 1123, in send_message
    return await self._send_message(
           ^^^^^^^^^^^^^^^^^^^^^^^^^
    ...<21 lines>...
    )
    ^
  File "/Library/Frameworks/Python.framework/Versions/3.13/lib/python3.13/site-packages/telegram/ext/_extbot.py", line 630, in _send_message
    result = await super()._send_message(
             ^^^^^^^^^^^^^^^^^^^^^^^^^^^^
    ...<23 lines>...
    )
    ^
  File "/Library/Frameworks/Python.framework/Versions/3.13/lib/python3.13/site-packages/telegram/_bot.py", line 820, in _send_message
    result = await self._post(
             ^^^^^^^^^^^^^^^^^
    ...<7 lines>...
    )
    ^
  File "/Library/Frameworks/Python.framework/Versions/3.13/lib/python3.13/site-packages/telegram/_bot.py", line 704, in _post
    return await self._do_post(
           ^^^^^^^^^^^^^^^^^^^^
    ...<6 lines>...
    )
    ^
  File "/Library/Frameworks/Python.framework/Versions/3.13/lib/python3.13/site-packages/telegram/ext/_extbot.py", line 370, in _do_post
    return await super()._do_post(
           ^^^^^^^^^^^^^^^^^^^^^^^
    ...<6 lines>...
    )
    ^
  File "/Library/Frameworks/Python.framework/Versions/3.13/lib/python3.13/site-packages/telegram/_bot.py", line 733, in _do_post
    result = await request.post(
             ^^^^^^^^^^^^^^^^^^^
    ...<6 lines>...
    )
    ^
  File "/Library/Frameworks/Python.framework/Versions/3.13/lib/python3.13/site-packages/telegram/request/_baserequest.py", line 198, in post
    result = await self._request_wrapper(
             ^^^^^^^^^^^^^^^^^^^^^^^^^^^^
    ...<7 lines>...
    )
    ^
  File "/Library/Frameworks/Python.framework/Versions/3.13/lib/python3.13/site-packages/telegram/request/_baserequest.py", line 375, in _request_wrapper
    raise exception
telegram.error.BadRequest: Chat not found
2026-05-20 08:58:42,276 | INFO | HTTP Request: POST https://api.telegram.org/bot8738956905:AAEXFFwtZLXljamxHaPP4srUGn4YBcns3O4/getUpdates "HTTP/1.1 200 OK"
2026-05-20 08:58:42,667 | INFO | HTTP Request: POST https://api.telegram.org/bot8738956905:AAEXFFwtZLXljamxHaPP4srUGn4YBcns3O4/sendMessage "HTTP/1.1 200 OK"
2026-05-20 08:58:52,412 | INFO | HTTP Request: POST https://api.telegram.org/bot8738956905:AAEXFFwtZLXljamxHaPP4srUGn4YBcns3O4/getUpdates "HTTP/1.1 200 OK"
2026-05-20 08:59:02,554 | INFO | HTTP Request: POST https://api.telegram.org/bot8738956905:AAEXFFwtZLXljamxHaPP4srUGn4YBcns3O4/getUpdates "HTTP/1.1 200 OK"
2026-05-20 08:59:09,822 | INFO | HTTP Request: POST https://api.telegram.org/bot8738956905:AAEXFFwtZLXljamxHaPP4srUGn4YBcns3O4/getUpdates "HTTP/1.1 200 OK"
2026-05-20 08:59:10,247 | INFO | HTTP Request: POST https://api.telegram.org/bot8738956905:AAEXFFwtZLXljamxHaPP4srUGn4YBcns3O4/sendMessage "HTTP/1.1 400 Bad Request"
2026-05-20 08:59:10,248 | ERROR | No error handlers are registered, logging exception.
Traceback (most recent call last):
  File "/Library/Frameworks/Python.framework/Versions/3.13/lib/python3.13/site-packages/telegram/ext/_application.py", line 1315, in process_update
    await coroutine
  File "/Library/Frameworks/Python.framework/Versions/3.13/lib/python3.13/site-packages/telegram/ext/_handlers/conversationhandler.py", line 841, in handle_update
    new_state: object = await handler.handle_update(
                        ^^^^^^^^^^^^^^^^^^^^^^^^^^^^
        update, application, handler_check_result, context
        ^^^^^^^^^^^^^^^^^^^^^^^^^^^^^^^^^^^^^^^^^^^^^^^^^^
    )
    ^
  File "/Library/Frameworks/Python.framework/Versions/3.13/lib/python3.13/site-packages/telegram/ext/_handlers/basehandler.py", line 159, in handle_update
    return await self.callback(update, context)
           ^^^^^^^^^^^^^^^^^^^^^^^^^^^^^^^^^^^^
  File "/Users/olegvoropaev/Documents/Python/SNTBot/SNTTgBot/bot.py", line 1044, in create_poll_options
    await context.bot.send_message(
    ...<3 lines>...
    )
  File "/Library/Frameworks/Python.framework/Versions/3.13/lib/python3.13/site-packages/telegram/ext/_extbot.py", line 3118, in send_message
    return await super().send_message(
           ^^^^^^^^^^^^^^^^^^^^^^^^^^^
    ...<23 lines>...
    )
    ^
  File "/Library/Frameworks/Python.framework/Versions/3.13/lib/python3.13/site-packages/telegram/_bot.py", line 1123, in send_message
    return await self._send_message(
           ^^^^^^^^^^^^^^^^^^^^^^^^^
    ...<21 lines>...
    )
    ^
  File "/Library/Frameworks/Python.framework/Versions/3.13/lib/python3.13/site-packages/telegram/ext/_extbot.py", line 630, in _send_message
    result = await super()._send_message(
             ^^^^^^^^^^^^^^^^^^^^^^^^^^^^
    ...<23 lines>...
    )
    ^
  File "/Library/Frameworks/Python.framework/Versions/3.13/lib/python3.13/site-packages/telegram/_bot.py", line 820, in _send_message
    result = await self._post(
             ^^^^^^^^^^^^^^^^^
    ...<7 lines>...
    )
    ^
  File "/Library/Frameworks/Python.framework/Versions/3.13/lib/python3.13/site-packages/telegram/_bot.py", line 704, in _post
    return await self._do_post(
           ^^^^^^^^^^^^^^^^^^^^
    ...<6 lines>...
    )
    ^
  File "/Library/Frameworks/Python.framework/Versions/3.13/lib/python3.13/site-packages/telegram/ext/_extbot.py", line 370, in _do_post
    return await super()._do_post(
           ^^^^^^^^^^^^^^^^^^^^^^^
    ...<6 lines>...
    )
    ^
  File "/Library/Frameworks/Python.framework/Versions/3.13/lib/python3.13/site-packages/telegram/_bot.py", line 733, in _do_post
    result = await request.post(
             ^^^^^^^^^^^^^^^^^^^
    ...<6 lines>...
    )
    ^
  File "/Library/Frameworks/Python.framework/Versions/3.13/lib/python3.13/site-packages/telegram/request/_baserequest.py", line 198, in post
    result = await self._request_wrapper(
             ^^^^^^^^^^^^^^^^^^^^^^^^^^^^
    ...<7 lines>...
    )
    ^
  File "/Library/Frameworks/Python.framework/Versions/3.13/lib/python3.13/site-packages/telegram/request/_baserequest.py", line 375, in _request_wrapper
    raise exception
telegram.error.BadRequest: Chat not found
2026-05-20 08:59:14,138 | INFO | HTTP Request: POST https://api.telegram.org/bot8738956905:AAEXFFwtZLXljamxHaPP4srUGn4YBcns3O4/getUpdates "HTTP/1.1 200 OK"
2026-05-20 08:59:14,326 | INFO | HTTP Request: POST https://api.telegram.org/bot8738956905:AAEXFFwtZLXljamxHaPP4srUGn4YBcns3O4/sendMessage "HTTP/1.1 200 OK"
2026-05-20 08:59:24,363 | INFO | HTTP Request: POST https://api.telegram.org/bot8738956905:AAEXFFwtZLXljamxHaPP4srUGn4YBcns3O4/getUpdates "HTTP/1.1 200 OK"
2026-05-20 08:59:34,487 | INFO | HTTP Request: POST https://api.telegram.org/bot8738956905:AAEXFFwtZLXljamxHaPP4srUGn4YBcns3O4/getUpdates "HTTP/1.1 200 OK"
2026-05-20 08:59:37,797 | INFO | HTTP Request: POST https://api.telegram.org/bot8738956905:AAEXFFwtZLXljamxHaPP4srUGn4YBcns3O4/getUpdates "HTTP/1.1 200 OK"
2026-05-20 08:59:37,798 | INFO | Application is stopping. This might take a moment.
2026-05-20 08:59:37,799 | INFO | Scheduler has been shut down
2026-05-20 08:59:37,810 | INFO | Application.stop() complete
2026-05-20 09:12:18,867 | INFO | Bot started
2026-05-20 09:12:19,510 | INFO | HTTP Request: POST https://api.telegram.org/bot8738956905:AAEXFFwtZLXljamxHaPP4srUGn4YBcns3O4/getMe "HTTP/1.1 200 OK"
2026-05-20 09:12:19,518 | INFO | Database initialized
2026-05-20 09:12:19,645 | INFO | HTTP Request: POST https://api.telegram.org/bot8738956905:AAEXFFwtZLXljamxHaPP4srUGn4YBcns3O4/deleteWebhook "HTTP/1.1 200 OK"
2026-05-20 09:12:19,647 | INFO | Scheduler started
2026-05-20 09:12:19,647 | INFO | Application started
2026-05-20 09:12:30,007 | INFO | HTTP Request: POST https://api.telegram.org/bot8738956905:AAEXFFwtZLXljamxHaPP4srUGn4YBcns3O4/getUpdates "HTTP/1.1 200 OK"
2026-05-20 09:12:32,912 | INFO | HTTP Request: POST https://api.telegram.org/bot8738956905:AAEXFFwtZLXljamxHaPP4srUGn4YBcns3O4/getUpdates "HTTP/1.1 200 OK"
2026-05-20 09:12:33,296 | INFO | HTTP Request: POST https://api.telegram.org/bot8738956905:AAEXFFwtZLXljamxHaPP4srUGn4YBcns3O4/sendMessage "HTTP/1.1 200 OK"
2026-05-20 09:12:38,284 | INFO | HTTP Request: POST https://api.telegram.org/bot8738956905:AAEXFFwtZLXljamxHaPP4srUGn4YBcns3O4/getUpdates "HTTP/1.1 200 OK"
2026-05-20 09:12:38,467 | INFO | HTTP Request: POST https://api.telegram.org/bot8738956905:AAEXFFwtZLXljamxHaPP4srUGn4YBcns3O4/sendMessage "HTTP/1.1 200 OK"
2026-05-20 09:12:38,824 | INFO | HTTP Request: POST https://api.telegram.org/bot8738956905:AAEXFFwtZLXljamxHaPP4srUGn4YBcns3O4/sendMessage "HTTP/1.1 200 OK"
2026-05-20 09:12:42,148 | INFO | HTTP Request: POST https://api.telegram.org/bot8738956905:AAEXFFwtZLXljamxHaPP4srUGn4YBcns3O4/getUpdates "HTTP/1.1 200 OK"
2026-05-20 09:12:43,922 | INFO | HTTP Request: POST https://api.telegram.org/bot8738956905:AAEXFFwtZLXljamxHaPP4srUGn4YBcns3O4/sendPhoto "HTTP/1.1 200 OK"
2026-05-20 09:12:47,077 | INFO | HTTP Request: POST https://api.telegram.org/bot8738956905:AAEXFFwtZLXljamxHaPP4srUGn4YBcns3O4/getUpdates "HTTP/1.1 200 OK"
2026-05-20 09:12:48,216 | INFO | HTTP Request: POST https://api.telegram.org/bot8738956905:AAEXFFwtZLXljamxHaPP4srUGn4YBcns3O4/sendMessage "HTTP/1.1 200 OK"
2026-05-20 09:12:54,219 | INFO | HTTP Request: POST https://api.telegram.org/bot8738956905:AAEXFFwtZLXljamxHaPP4srUGn4YBcns3O4/getUpdates "HTTP/1.1 200 OK"
2026-05-20 09:12:54,610 | INFO | HTTP Request: POST https://api.telegram.org/bot8738956905:AAEXFFwtZLXljamxHaPP4srUGn4YBcns3O4/sendMessage "HTTP/1.1 200 OK"
2026-05-20 09:12:55,771 | INFO | HTTP Request: POST https://api.telegram.org/bot8738956905:AAEXFFwtZLXljamxHaPP4srUGn4YBcns3O4/deleteMessage "HTTP/1.1 200 OK"
2026-05-20 09:12:55,913 | INFO | HTTP Request: POST https://api.telegram.org/bot8738956905:AAEXFFwtZLXljamxHaPP4srUGn4YBcns3O4/sendMessage "HTTP/1.1 200 OK"
2026-05-20 09:12:59,322 | INFO | HTTP Request: POST https://api.telegram.org/bot8738956905:AAEXFFwtZLXljamxHaPP4srUGn4YBcns3O4/getUpdates "HTTP/1.1 200 OK"
2026-05-20 09:12:59,471 | INFO | HTTP Request: POST https://api.telegram.org/bot8738956905:AAEXFFwtZLXljamxHaPP4srUGn4YBcns3O4/sendMessage "HTTP/1.1 200 OK"
2026-05-20 09:13:09,542 | INFO | HTTP Request: POST https://api.telegram.org/bot8738956905:AAEXFFwtZLXljamxHaPP4srUGn4YBcns3O4/getUpdates "HTTP/1.1 200 OK"
2026-05-20 09:13:09,822 | INFO | HTTP Request: POST https://api.telegram.org/bot8738956905:AAEXFFwtZLXljamxHaPP4srUGn4YBcns3O4/getUpdates "HTTP/1.1 200 OK"
2026-05-20 09:13:10,203 | INFO | HTTP Request: POST https://api.telegram.org/bot8738956905:AAEXFFwtZLXljamxHaPP4srUGn4YBcns3O4/sendMessage "HTTP/1.1 400 Bad Request"
2026-05-20 09:13:10,204 | ERROR | No error handlers are registered, logging exception.
Traceback (most recent call last):
  File "/Library/Frameworks/Python.framework/Versions/3.13/lib/python3.13/site-packages/telegram/ext/_application.py", line 1315, in process_update
    await coroutine
  File "/Library/Frameworks/Python.framework/Versions/3.13/lib/python3.13/site-packages/telegram/ext/_handlers/conversationhandler.py", line 841, in handle_update
    new_state: object = await handler.handle_update(
                        ^^^^^^^^^^^^^^^^^^^^^^^^^^^^
        update, application, handler_check_result, context
        ^^^^^^^^^^^^^^^^^^^^^^^^^^^^^^^^^^^^^^^^^^^^^^^^^^
    )
    ^
  File "/Library/Frameworks/Python.framework/Versions/3.13/lib/python3.13/site-packages/telegram/ext/_handlers/basehandler.py", line 159, in handle_update
    return await self.callback(update, context)
           ^^^^^^^^^^^^^^^^^^^^^^^^^^^^^^^^^^^^
  File "/Users/olegvoropaev/Documents/Python/SNTBot/SNTTgBot/bot.py", line 1452, in handle_menu
    return await open_gate(
           ^^^^^^^^^^^^^^^^
    ...<2 lines>...
    )
    ^
  File "/Users/olegvoropaev/Documents/Python/SNTBot/SNTTgBot/bot.py", line 1344, in open_gate
    await update.message.reply_text(
    ...<9 lines>...
    )
  File "/Library/Frameworks/Python.framework/Versions/3.13/lib/python3.13/site-packages/telegram/_message.py", line 2106, in reply_text
    return await self.get_bot().send_message(
           ^^^^^^^^^^^^^^^^^^^^^^^^^^^^^^^^^^
    ...<21 lines>...
    )
    ^
  File "/Library/Frameworks/Python.framework/Versions/3.13/lib/python3.13/site-packages/telegram/ext/_extbot.py", line 3118, in send_message
    return await super().send_message(
           ^^^^^^^^^^^^^^^^^^^^^^^^^^^
    ...<23 lines>...
    )
    ^
  File "/Library/Frameworks/Python.framework/Versions/3.13/lib/python3.13/site-packages/telegram/_bot.py", line 1123, in send_message
    return await self._send_message(
           ^^^^^^^^^^^^^^^^^^^^^^^^^
    ...<21 lines>...
    )
    ^
  File "/Library/Frameworks/Python.framework/Versions/3.13/lib/python3.13/site-packages/telegram/ext/_extbot.py", line 630, in _send_message
    result = await super()._send_message(
             ^^^^^^^^^^^^^^^^^^^^^^^^^^^^
    ...<23 lines>...
    )
    ^
  File "/Library/Frameworks/Python.framework/Versions/3.13/lib/python3.13/site-packages/telegram/_bot.py", line 820, in _send_message
    result = await self._post(
             ^^^^^^^^^^^^^^^^^
    ...<7 lines>...
    )
    ^
  File "/Library/Frameworks/Python.framework/Versions/3.13/lib/python3.13/site-packages/telegram/_bot.py", line 704, in _post
    return await self._do_post(
           ^^^^^^^^^^^^^^^^^^^^
    ...<6 lines>...
    )
    ^
  File "/Library/Frameworks/Python.framework/Versions/3.13/lib/python3.13/site-packages/telegram/ext/_extbot.py", line 370, in _do_post
    return await super()._do_post(
           ^^^^^^^^^^^^^^^^^^^^^^^
    ...<6 lines>...
    )
    ^
  File "/Library/Frameworks/Python.framework/Versions/3.13/lib/python3.13/site-packages/telegram/_bot.py", line 733, in _do_post
    result = await request.post(
             ^^^^^^^^^^^^^^^^^^^
    ...<6 lines>...
    )
    ^
  File "/Library/Frameworks/Python.framework/Versions/3.13/lib/python3.13/site-packages/telegram/request/_baserequest.py", line 198, in post
    result = await self._request_wrapper(
             ^^^^^^^^^^^^^^^^^^^^^^^^^^^^
    ...<7 lines>...
    )
    ^
  File "/Library/Frameworks/Python.framework/Versions/3.13/lib/python3.13/site-packages/telegram/request/_baserequest.py", line 375, in _request_wrapper
    raise exception
telegram.error.BadRequest: Inline keyboard button url 'tel:+79260775974' is invalid: wrong port number specified in the url
2026-05-20 09:13:19,988 | INFO | HTTP Request: POST https://api.telegram.org/bot8738956905:AAEXFFwtZLXljamxHaPP4srUGn4YBcns3O4/getUpdates "HTTP/1.1 200 OK"
2026-05-20 09:13:24,177 | INFO | HTTP Request: POST https://api.telegram.org/bot8738956905:AAEXFFwtZLXljamxHaPP4srUGn4YBcns3O4/getUpdates "HTTP/1.1 200 OK"
2026-05-20 09:13:24,577 | INFO | HTTP Request: POST https://api.telegram.org/bot8738956905:AAEXFFwtZLXljamxHaPP4srUGn4YBcns3O4/sendMessage "HTTP/1.1 200 OK"
2026-05-20 09:13:34,323 | INFO | HTTP Request: POST https://api.telegram.org/bot8738956905:AAEXFFwtZLXljamxHaPP4srUGn4YBcns3O4/getUpdates "HTTP/1.1 200 OK"
2026-05-20 09:13:44,460 | INFO | HTTP Request: POST https://api.telegram.org/bot8738956905:AAEXFFwtZLXljamxHaPP4srUGn4YBcns3O4/getUpdates "HTTP/1.1 200 OK"
2026-05-20 09:13:44,869 | INFO | HTTP Request: POST https://api.telegram.org/bot8738956905:AAEXFFwtZLXljamxHaPP4srUGn4YBcns3O4/getUpdates "HTTP/1.1 200 OK"
2026-05-20 09:13:55,008 | INFO | HTTP Request: POST https://api.telegram.org/bot8738956905:AAEXFFwtZLXljamxHaPP4srUGn4YBcns3O4/getUpdates "HTTP/1.1 200 OK"
2026-05-20 09:14:05,147 | INFO | HTTP Request: POST https://api.telegram.org/bot8738956905:AAEXFFwtZLXljamxHaPP4srUGn4YBcns3O4/getUpdates "HTTP/1.1 200 OK"
2026-05-20 09:14:15,266 | INFO | HTTP Request: POST https://api.telegram.org/bot8738956905:AAEXFFwtZLXljamxHaPP4srUGn4YBcns3O4/getUpdates "HTTP/1.1 200 OK"
2026-05-20 09:14:25,420 | INFO | HTTP Request: POST https://api.telegram.org/bot8738956905:AAEXFFwtZLXljamxHaPP4srUGn4YBcns3O4/getUpdates "HTTP/1.1 200 OK"
2026-05-20 09:14:35,558 | INFO | HTTP Request: POST https://api.telegram.org/bot8738956905:AAEXFFwtZLXljamxHaPP4srUGn4YBcns3O4/getUpdates "HTTP/1.1 200 OK"
2026-05-20 09:14:45,675 | INFO | HTTP Request: POST https://api.telegram.org/bot8738956905:AAEXFFwtZLXljamxHaPP4srUGn4YBcns3O4/getUpdates "HTTP/1.1 200 OK"
2026-05-20 09:14:50,834 | INFO | HTTP Request: POST https://api.telegram.org/bot8738956905:AAEXFFwtZLXljamxHaPP4srUGn4YBcns3O4/getUpdates "HTTP/1.1 200 OK"
2026-05-20 09:14:50,835 | INFO | Application is stopping. This might take a moment.
2026-05-20 09:14:50,835 | INFO | Scheduler has been shut down
2026-05-20 09:14:50,846 | INFO | Application.stop() complete
2026-05-20 09:38:54,707 | INFO | Bot started
2026-05-20 09:38:55,176 | INFO | HTTP Request: POST https://api.telegram.org/bot8738956905:AAEXFFwtZLXljamxHaPP4srUGn4YBcns3O4/getMe "HTTP/1.1 200 OK"
2026-05-20 09:38:55,183 | INFO | Database initialized
2026-05-20 09:38:55,295 | INFO | HTTP Request: POST https://api.telegram.org/bot8738956905:AAEXFFwtZLXljamxHaPP4srUGn4YBcns3O4/deleteWebhook "HTTP/1.1 200 OK"
2026-05-20 09:38:55,296 | INFO | Scheduler started
2026-05-20 09:38:55,296 | INFO | Application started
2026-05-20 09:39:05,774 | INFO | HTTP Request: POST https://api.telegram.org/bot8738956905:AAEXFFwtZLXljamxHaPP4srUGn4YBcns3O4/getUpdates "HTTP/1.1 200 OK"
2026-05-20 09:39:09,285 | INFO | HTTP Request: POST https://api.telegram.org/bot8738956905:AAEXFFwtZLXljamxHaPP4srUGn4YBcns3O4/getUpdates "HTTP/1.1 200 OK"
2026-05-20 09:39:09,662 | INFO | HTTP Request: POST https://api.telegram.org/bot8738956905:AAEXFFwtZLXljamxHaPP4srUGn4YBcns3O4/sendMessage "HTTP/1.1 200 OK"
2026-05-20 09:39:16,246 | INFO | HTTP Request: POST https://api.telegram.org/bot8738956905:AAEXFFwtZLXljamxHaPP4srUGn4YBcns3O4/getUpdates "HTTP/1.1 200 OK"
2026-05-20 09:39:16,639 | INFO | HTTP Request: POST https://api.telegram.org/bot8738956905:AAEXFFwtZLXljamxHaPP4srUGn4YBcns3O4/sendMessage "HTTP/1.1 200 OK"
2026-05-20 09:39:16,778 | INFO | HTTP Request: POST https://api.telegram.org/bot8738956905:AAEXFFwtZLXljamxHaPP4srUGn4YBcns3O4/sendMessage "HTTP/1.1 200 OK"
2026-05-20 09:39:26,367 | INFO | HTTP Request: POST https://api.telegram.org/bot8738956905:AAEXFFwtZLXljamxHaPP4srUGn4YBcns3O4/getUpdates "HTTP/1.1 200 OK"
2026-05-20 09:39:36,484 | INFO | HTTP Request: POST https://api.telegram.org/bot8738956905:AAEXFFwtZLXljamxHaPP4srUGn4YBcns3O4/getUpdates "HTTP/1.1 200 OK"
2026-05-20 09:39:43,636 | INFO | HTTP Request: POST https://api.telegram.org/bot8738956905:AAEXFFwtZLXljamxHaPP4srUGn4YBcns3O4/getUpdates "HTTP/1.1 200 OK"
2026-05-20 09:39:45,835 | INFO | HTTP Request: POST https://api.telegram.org/bot8738956905:AAEXFFwtZLXljamxHaPP4srUGn4YBcns3O4/sendPhoto "HTTP/1.1 200 OK"
2026-05-20 09:39:50,010 | INFO | HTTP Request: POST https://api.telegram.org/bot8738956905:AAEXFFwtZLXljamxHaPP4srUGn4YBcns3O4/getUpdates "HTTP/1.1 200 OK"
2026-05-20 09:39:51,437 | INFO | HTTP Request: POST https://api.telegram.org/bot8738956905:AAEXFFwtZLXljamxHaPP4srUGn4YBcns3O4/sendMessage "HTTP/1.1 200 OK"
2026-05-20 09:39:53,374 | INFO | HTTP Request: POST https://api.telegram.org/bot8738956905:AAEXFFwtZLXljamxHaPP4srUGn4YBcns3O4/getUpdates "HTTP/1.1 200 OK"
2026-05-20 09:39:53,517 | INFO | HTTP Request: POST https://api.telegram.org/bot8738956905:AAEXFFwtZLXljamxHaPP4srUGn4YBcns3O4/sendMessage "HTTP/1.1 200 OK"
2026-05-20 09:39:54,742 | INFO | HTTP Request: POST https://api.telegram.org/bot8738956905:AAEXFFwtZLXljamxHaPP4srUGn4YBcns3O4/deleteMessage "HTTP/1.1 200 OK"
2026-05-20 09:39:54,925 | INFO | HTTP Request: POST https://api.telegram.org/bot8738956905:AAEXFFwtZLXljamxHaPP4srUGn4YBcns3O4/sendMessage "HTTP/1.1 200 OK"
2026-05-20 09:39:57,674 | INFO | HTTP Request: POST https://api.telegram.org/bot8738956905:AAEXFFwtZLXljamxHaPP4srUGn4YBcns3O4/getUpdates "HTTP/1.1 200 OK"
2026-05-20 09:39:57,827 | INFO | HTTP Request: POST https://api.telegram.org/bot8738956905:AAEXFFwtZLXljamxHaPP4srUGn4YBcns3O4/sendMessage "HTTP/1.1 200 OK"
2026-05-20 09:40:05,956 | INFO | HTTP Request: POST https://api.telegram.org/bot8738956905:AAEXFFwtZLXljamxHaPP4srUGn4YBcns3O4/getUpdates "HTTP/1.1 200 OK"
2026-05-20 09:40:06,338 | INFO | HTTP Request: POST https://api.telegram.org/bot8738956905:AAEXFFwtZLXljamxHaPP4srUGn4YBcns3O4/sendMessage "HTTP/1.1 200 OK"
2026-05-20 09:40:12,978 | INFO | HTTP Request: POST https://api.telegram.org/bot8738956905:AAEXFFwtZLXljamxHaPP4srUGn4YBcns3O4/getUpdates "HTTP/1.1 200 OK"
2026-05-20 09:40:13,362 | INFO | HTTP Request: POST https://api.telegram.org/bot8738956905:AAEXFFwtZLXljamxHaPP4srUGn4YBcns3O4/sendMessage "HTTP/1.1 200 OK"
2026-05-20 09:40:19,100 | INFO | HTTP Request: POST https://api.telegram.org/bot8738956905:AAEXFFwtZLXljamxHaPP4srUGn4YBcns3O4/getUpdates "HTTP/1.1 200 OK"
2026-05-20 09:40:19,496 | INFO | HTTP Request: POST https://api.telegram.org/bot8738956905:AAEXFFwtZLXljamxHaPP4srUGn4YBcns3O4/sendMessage "HTTP/1.1 200 OK"
2026-05-20 09:40:21,959 | INFO | HTTP Request: POST https://api.telegram.org/bot8738956905:AAEXFFwtZLXljamxHaPP4srUGn4YBcns3O4/getUpdates "HTTP/1.1 200 OK"
2026-05-20 09:40:22,105 | INFO | HTTP Request: POST https://api.telegram.org/bot8738956905:AAEXFFwtZLXljamxHaPP4srUGn4YBcns3O4/sendMessage "HTTP/1.1 200 OK"
2026-05-20 09:40:32,079 | INFO | HTTP Request: POST https://api.telegram.org/bot8738956905:AAEXFFwtZLXljamxHaPP4srUGn4YBcns3O4/getUpdates "HTTP/1.1 200 OK"
2026-05-20 09:40:33,944 | INFO | HTTP Request: POST https://api.telegram.org/bot8738956905:AAEXFFwtZLXljamxHaPP4srUGn4YBcns3O4/getUpdates "HTTP/1.1 200 OK"
2026-05-20 09:40:34,332 | INFO | HTTP Request: POST https://api.telegram.org/bot8738956905:AAEXFFwtZLXljamxHaPP4srUGn4YBcns3O4/sendMessage "HTTP/1.1 200 OK"
2026-05-20 09:40:39,684 | INFO | HTTP Request: POST https://api.telegram.org/bot8738956905:AAEXFFwtZLXljamxHaPP4srUGn4YBcns3O4/getUpdates "HTTP/1.1 200 OK"
2026-05-20 09:40:40,085 | INFO | HTTP Request: POST https://api.telegram.org/bot8738956905:AAEXFFwtZLXljamxHaPP4srUGn4YBcns3O4/sendMessage "HTTP/1.1 200 OK"
2026-05-20 09:40:40,237 | INFO | HTTP Request: POST https://api.telegram.org/bot8738956905:AAEXFFwtZLXljamxHaPP4srUGn4YBcns3O4/sendMessage "HTTP/1.1 200 OK"
2026-05-20 09:40:42,497 | INFO | HTTP Request: POST https://api.telegram.org/bot8738956905:AAEXFFwtZLXljamxHaPP4srUGn4YBcns3O4/getUpdates "HTTP/1.1 200 OK"
2026-05-20 09:40:42,636 | INFO | HTTP Request: POST https://api.telegram.org/bot8738956905:AAEXFFwtZLXljamxHaPP4srUGn4YBcns3O4/sendMessage "HTTP/1.1 200 OK"
2026-05-20 09:40:45,326 | INFO | HTTP Request: POST https://api.telegram.org/bot8738956905:AAEXFFwtZLXljamxHaPP4srUGn4YBcns3O4/getUpdates "HTTP/1.1 200 OK"
2026-05-20 09:40:45,456 | INFO | HTTP Request: POST https://api.telegram.org/bot8738956905:AAEXFFwtZLXljamxHaPP4srUGn4YBcns3O4/answerCallbackQuery "HTTP/1.1 200 OK"
2026-05-20 09:40:45,577 | INFO | HTTP Request: POST https://api.telegram.org/bot8738956905:AAEXFFwtZLXljamxHaPP4srUGn4YBcns3O4/answerCallbackQuery "HTTP/1.1 200 OK"
2026-05-20 09:40:51,256 | INFO | HTTP Request: POST https://api.telegram.org/bot8738956905:AAEXFFwtZLXljamxHaPP4srUGn4YBcns3O4/getUpdates "HTTP/1.1 200 OK"
2026-05-20 09:40:51,671 | INFO | HTTP Request: POST https://api.telegram.org/bot8738956905:AAEXFFwtZLXljamxHaPP4srUGn4YBcns3O4/sendMessage "HTTP/1.1 200 OK"
2026-05-20 09:40:54,772 | INFO | HTTP Request: POST https://api.telegram.org/bot8738956905:AAEXFFwtZLXljamxHaPP4srUGn4YBcns3O4/getUpdates "HTTP/1.1 200 OK"
2026-05-20 09:40:54,919 | INFO | HTTP Request: POST https://api.telegram.org/bot8738956905:AAEXFFwtZLXljamxHaPP4srUGn4YBcns3O4/answerCallbackQuery "HTTP/1.1 200 OK"
2026-05-20 09:40:55,086 | INFO | HTTP Request: POST https://api.telegram.org/bot8738956905:AAEXFFwtZLXljamxHaPP4srUGn4YBcns3O4/sendMessage "HTTP/1.1 200 OK"
2026-05-20 09:41:04,969 | INFO | HTTP Request: POST https://api.telegram.org/bot8738956905:AAEXFFwtZLXljamxHaPP4srUGn4YBcns3O4/getUpdates "HTTP/1.1 200 OK"
2026-05-20 09:41:15,085 | INFO | HTTP Request: POST https://api.telegram.org/bot8738956905:AAEXFFwtZLXljamxHaPP4srUGn4YBcns3O4/getUpdates "HTTP/1.1 200 OK"
2026-05-20 09:41:25,216 | INFO | HTTP Request: POST https://api.telegram.org/bot8738956905:AAEXFFwtZLXljamxHaPP4srUGn4YBcns3O4/getUpdates "HTTP/1.1 200 OK"
2026-05-20 09:41:32,677 | INFO | HTTP Request: POST https://api.telegram.org/bot8738956905:AAEXFFwtZLXljamxHaPP4srUGn4YBcns3O4/getUpdates "HTTP/1.1 200 OK"
2026-05-20 09:41:32,678 | INFO | Application is stopping. This might take a moment.
2026-05-20 09:41:32,679 | INFO | Scheduler has been shut down
2026-05-20 09:41:32,690 | INFO | Application.stop() complete
